H27_地域規模,H27_正答数_国Ａ,H27_正答数_国Ｂ,H27_正答数_数Ａ,H27_正答数_数Ｂ,H27_正答数_理,H27_正答数_理Ａ,H27_正答数_理Ｂ,H27_正答率_国Ａ,H27_正答率_国Ｂ,H27_正答率_数Ａ,H27_正答率_数Ｂ,H27_正答率_理,H27_正答率_理Ａ,H27_正答率_理Ｂ,H27_第１四分位_国Ａ,H27_第１四分位_国Ｂ,H27_第１四分位_数Ａ,H27_第１四分位_数Ｂ,H27_第１四分位_理,H27_第１四分位_理Ａ,H27_第１四分位_理Ｂ,H27_第２四分位_国Ａ,H27_第２四分位_国Ｂ,H27_第２四分位_数Ａ,H27_第２四分位_数Ｂ,H27_第２四分位_理,H27_第２四分位_理Ａ,H27_第２四分位_理Ｂ,H27_第３四分位_国Ａ,H27_第３四分位_国Ｂ,H27_第３四分位_数Ａ,H27_第３四分位_数Ｂ,H27_第３四分位_理,H27_第３四分位_理Ａ,H27_第３四分位_理Ｂ,H27_最頻値_国Ａ,H27_最頻値_国Ｂ,H27_最頻値_数Ａ,H27_最頻値_数Ｂ,H27_最頻値_理,H27_最頻値_理Ａ,H27_最頻値_理Ｂ,H27_標準偏差_国Ａ,H27_標準偏差_国Ｂ,H27_標準偏差_数Ａ,H27_標準偏差_数Ｂ,H27_標準偏差_理,H27_標準偏差_理Ａ,H27_標準偏差_理Ｂ,H27_正答数_国Ａ_領域１,H27_正答数_国Ａ_領域２,H27_正答数_国Ａ_領域３,H27_正答数_国Ａ_領域４,H27_正答数_国Ａ_観点１,H27_正答数_国Ａ_観点２,H27_正答数_国Ａ_観点３,H27_正答数_国Ａ_観点４,H27_正答数_国Ａ_観点５,H27_正答数_国Ａ_形式１,H27_正答数_国Ａ_形式２,H27_正答数_国Ａ_形式３,H27_正答数_国Ｂ_領域１,H27_正答数_国Ｂ_領域２,H27_正答数_国Ｂ_領域３,H27_正答数_国Ｂ_領域４,H27_正答数_国Ｂ_観点１,H27_正答数_国Ｂ_観点２,H27_正答数_国Ｂ_観点３,H27_正答数_国Ｂ_観点４,H27_正答数_国Ｂ_観点５,H27_正答数_国Ｂ_形式１,H27_正答数_国Ｂ_形式２,H27_正答数_国Ｂ_形式３,H27_正答数_数Ａ_領域１,H27_正答数_数Ａ_領域２,H27_正答数_数Ａ_領域３,H27_正答数_数Ａ_領域４,H27_正答数_数Ａ_観点１,H27_正答数_数Ａ_観点２,H27_正答数_数Ａ_観点３,H27_正答数_数Ａ_観点４,H27_正答数_数Ａ_形式１,H27_正答数_数Ａ_形式２,H27_正答数_数Ａ_形式３,H27_正答数_数Ｂ_領域１,H27_正答数_数Ｂ_領域２,H27_正答数_数Ｂ_領域３,H27_正答数_数Ｂ_領域４,H27_正答数_数Ｂ_観点１,H27_正答数_数Ｂ_観点２,H27_正答数_数Ｂ_観点３,H27_正答数_数Ｂ_観点４,H27_正答数_数Ｂ_形式１,H27_正答数_数Ｂ_形式２,H27_正答数_数Ｂ_形式３,H27_正答数_理_領域１,H27_正答数_理_領域２,H27_正答数_理_領域３,H27_正答数_理_領域４,H27_正答数_理_観点１,H27_正答数_理_観点２,H27_正答数_理_観点３,H27_正答数_理_観点４,H27_正答数_理_形式１,H27_正答数_理_形式２,H27_正答数_理_形式３,H27_正答数_理Ａ_領域１,H27_正答数_理Ａ_領域２,H27_正答数_理Ａ_領域３,H27_正答数_理Ａ_領域４,H27_正答数_理Ａ_観点１,H27_正答数_理Ａ_観点２,H27_正答数_理Ａ_観点３,H27_正答数_理Ａ_観点４,H27_正答数_理Ａ_形式１,H27_正答数_理Ａ_形式２,H27_正答数_理Ａ_形式３,H27_正答数_理Ｂ_領域１,H27_正答数_理Ｂ_領域２,H27_正答数_理Ｂ_領域３,H27_正答数_理Ｂ_領域４,H27_正答数_理Ｂ_観点１,H27_正答数_理Ｂ_観点２,H27_正答数_理Ｂ_観点３,H27_正答数_理Ｂ_観点４,H27_正答数_理Ｂ_形式１,H27_正答数_理Ｂ_形式２,H27_正答数_理Ｂ_形式３,H27_正答率_国Ａ_領域１,H27_正答率_国Ａ_領域２,H27_正答率_国Ａ_領域３,H27_正答率_国Ａ_領域４,H27_正答率_国Ａ_観点１,H27_正答率_国Ａ_観点２,H27_正答率_国Ａ_観点３,H27_正答率_国Ａ_観点４,H27_正答率_国Ａ_観点５,H27_正答率_国Ａ_形式１,H27_正答率_国Ａ_形式２,H27_正答率_国Ａ_形式３,H27_正答率_国Ｂ_領域１,H27_正答率_国Ｂ_領域２,H27_正答率_国Ｂ_領域３,H27_正答率_国Ｂ_領域４,H27_正答率_国Ｂ_観点１,H27_正答率_国Ｂ_観点２,H27_正答率_国Ｂ_観点３,H27_正答率_国Ｂ_観点４,H27_正答率_国Ｂ_観点５,H27_正答率_国Ｂ_形式１,H27_正答率_国Ｂ_形式２,H27_正答率_国Ｂ_形式３,H27_正答率_数Ａ_領域１,H27_正答率_数Ａ_領域２,H27_正答率_数Ａ_領域３,H27_正答率_数Ａ_領域４,H27_正答率_数Ａ_観点１,H27_正答率_数Ａ_観点２,H27_正答率_数Ａ_観点３,H27_正答率_数Ａ_観点４,H27_正答率_数Ａ_形式１,H27_正答率_数Ａ_形式２,H27_正答率_数Ａ_形式３,H27_正答率_数Ｂ_領域１,H27_正答率_数Ｂ_領域２,H27_正答率_数Ｂ_領域３,H27_正答率_数Ｂ_領域４,H27_正答率_数Ｂ_観点１,H27_正答率_数Ｂ_観点２,H27_正答率_数Ｂ_観点３,H27_正答率_数Ｂ_観点４,H27_正答率_数Ｂ_形式１,H27_正答率_数Ｂ_形式２,H27_正答率_数Ｂ_形式３,H27_正答率_理_領域１,H27_正答率_理_領域２,H27_正答率_理_領域３,H27_正答率_理_領域４,H27_正答率_理_観点１,H27_正答率_理_観点２,H27_正答率_理_観点３,H27_正答率_理_観点４,H27_正答率_理_形式１,H27_正答率_理_形式２,H27_正答率_理_形式３,H27_正答率_理Ａ_領域１,H27_正答率_理Ａ_領域２,H27_正答率_理Ａ_領域３,H27_正答率_理Ａ_領域４,H27_正答率_理Ａ_観点１,H27_正答率_理Ａ_観点２,H27_正答率_理Ａ_観点３,H27_正答率_理Ａ_観点４,H27_正答率_理Ａ_形式１,H27_正答率_理Ａ_形式２,H27_正答率_理Ａ_形式３,H27_正答率_理Ｂ_領域１,H27_正答率_理Ｂ_領域２,H27_正答率_理Ｂ_領域３,H27_正答率_理Ｂ_領域４,H27_正答率_理Ｂ_観点１,H27_正答率_理Ｂ_観点２,H27_正答率_理Ｂ_観点３,H27_正答率_理Ｂ_観点４,H27_正答率_理Ｂ_形式１,H27_正答率_理Ｂ_形式２,H27_正答率_理Ｂ_形式３,H27_無解答数_国Ａ,H27_無解答数_国Ｂ,H27_無解答数_数Ａ,H27_無解答数_数Ｂ,H27_無解答数_理,H27_無解答数_理Ａ,H27_無解答数_理Ｂ,H27_無解答率_国Ａ,H27_無解答率_国Ｂ,H27_無解答率_数Ａ,H27_無解答率_数Ｂ,H27_無解答率_理,H27_無解答率_理Ａ,H27_無解答率_理Ｂ,H27_無解答数_国Ｂ_記述式,H27_無解答数_数Ｂ_記述式,H27_無解答数_理_記述式,H27_無解答率_国Ｂ_記述式,H27_無解答率_数Ｂ_記述式,H27_無解答率_理_記述式,H27_割合_国Ａ_Ａ層,H27_割合_国Ｂ_Ａ層,H27_割合_数Ａ_Ａ層,H27_割合_数Ｂ_Ａ層,H27_割合_理_Ａ層,H27_割合_理Ａ_Ａ層,H27_割合_理Ｂ_Ａ層,H27_割合_国Ａ_Ｂ層,H27_割合_国Ｂ_Ｂ層,H27_割合_数Ａ_Ｂ層,H27_割合_数Ｂ_Ｂ層,H27_割合_理_Ｂ層,H27_割合_理Ａ_Ｂ層,H27_割合_理Ｂ_Ｂ層,H27_割合_国Ａ_Ｃ層,H27_割合_国Ｂ_Ｃ層,H27_割合_数Ａ_Ｃ層,H27_割合_数Ｂ_Ｃ層,H27_割合_理_Ｃ層,H27_割合_理Ａ_Ｃ層,H27_割合_理Ｂ_Ｃ層,H27_割合_国Ａ_Ｄ層,H27_割合_国Ｂ_Ｄ層,H27_割合_数Ａ_Ｄ層,H27_割合_数Ｂ_Ｄ層,H27_割合_理_Ｄ層,H27_割合_理Ａ_Ｄ層,H27_割合_理Ｂ_Ｄ層,H27_生徒質問紙回答割合_001,H27_生徒質問紙回答割合_002,H27_生徒質問紙回答割合_003,H27_生徒質問紙回答割合_004,H27_生徒質問紙回答割合_005,H27_生徒質問紙回答割合_当日実施のみ_001_1,H27_生徒質問紙回答割合_当日実施のみ_001_2,H27_生徒質問紙回答割合_当日実施のみ_001_3,H27_生徒質問紙回答割合_当日実施のみ_001_4,H27_生徒質問紙回答割合_当日実施のみ_001_9,H27_生徒質問紙回答割合_当日実施のみ_001_0,H27_生徒質問紙回答割合_当日実施のみ_002_1,H27_生徒質問紙回答割合_当日実施のみ_002_2,H27_生徒質問紙回答割合_当日実施のみ_002_3,H27_生徒質問紙回答割合_当日実施のみ_002_4,H27_生徒質問紙回答割合_当日実施のみ_002_9,H27_生徒質問紙回答割合_当日実施のみ_002_0,H27_生徒質問紙回答割合_当日実施のみ_003_1,H27_生徒質問紙回答割合_当日実施のみ_003_2,H27_生徒質問紙回答割合_当日実施のみ_003_3,H27_生徒質問紙回答割合_当日実施のみ_003_4,H27_生徒質問紙回答割合_当日実施のみ_003_9,H27_生徒質問紙回答割合_当日実施のみ_003_0,H27_生徒質問紙回答割合_当日実施のみ_004_1,H27_生徒質問紙回答割合_当日実施のみ_004_2,H27_生徒質問紙回答割合_当日実施のみ_004_3,H27_生徒質問紙回答割合_当日実施のみ_004_4,H27_生徒質問紙回答割合_当日実施のみ_004_9,H27_生徒質問紙回答割合_当日実施のみ_004_0,H27_生徒質問紙回答割合_当日実施のみ_005_1,H27_生徒質問紙回答割合_当日実施のみ_005_2,H27_生徒質問紙回答割合_当日実施のみ_005_3,H27_生徒質問紙回答割合_当日実施のみ_005_4,H27_生徒質問紙回答割合_当日実施のみ_005_9,H27_生徒質問紙回答割合_当日実施のみ_005_0,H27_学校質問紙回答_016,H27_学校質問紙回答_017,H27_学校質問紙回答_018,H27_学校質問紙回答_019,H27_学校質問紙回答_020
1,24.5,5.8,21.8,5.4,12.5,4.4,8.1,74,64,61,36,50,62,45,32,9,33,13,22,7,16,26,7,20,5,13,5,8,14,2,9,0,5,1,2,27,7,19,999,13,999,999,4.3,1.88,6.46,3.87,4.87,1.73,3.45,3.2,3.5,4.4,13.5,,3.2,3.5,4.4,13.5,17.1,7.4,,2.1,1.2,3.8,,1.2,2.1,1.2,3.8,,4.7,,1.2,7.8,7.2,4.6,2.3,,,9.9,12,11.7,10.1,,2.1,1.5,1.4,0.5,,4.9,0.5,,1.9,1.4,2.1,3.5,3.7,3.5,2.4,,8.1,1,3.4,8.5,2.1,1.9,0.7,1.2,1.3,1.3,,,1,3.4,2.3,2.1,,2.8,2.5,2.3,1.2,,8.1,,,6.2,,1.9,80,69,87,71,,80,69,87,71,74,74,,68,38,63,,38,68,38,63,,77,,38,65,60,57,58,,,58,63,62,59,,53,36,27,25,,38,25,,48,35,30,49,52,58,40,,45,50,67,53,53,38,65,60,63,63,,,50,67,75,53,,47,49,56,29,,45,,,48,,38,0.8,0.4,0.9,2.1,1.3,0.4,0.9,2.3,3.9,2.5,14,5,5.7,4.7,0.3,1.4,0.8,10,20,15,5,50,15,20,15,30,15,40,5,15,20,20,25,10,30,15,55,30,40,30,60,25,30,15,30,25,15,15,90,70,90,85,80,45,45,10,0,0,0,15,55,25,5,0,0,40,50,10,0,0,0,55,30,15,0,0,0,10,70,20,0,0,0,2,2,2,3,2
2,24.9,5.9,23.4,6.6,13.9,4.9,9,75,65,65,44,56,70,50,31,8,35,12,21,7,15,25,6,24,7,13,6,10,16,2,12,1,4,2,1,999,7,24,7,12,6,10,4.68,1.95,6.04,2.68,4.46,1.62,3.55,3.4,3.3,4.5,13.9,,3.4,3.3,4.5,13.9,17,7.9,,2.2,1.2,3.7,,1.2,2.2,1.2,3.7,,4.7,,1.2,8.2,7.6,5,2.7,,,11.3,12.1,12.3,11.2,,2.7,2,1.6,0.4,,6.1,0.6,,1.9,1.9,2.8,3.6,4.3,4.2,2.7,,9,1.1,3.8,8.9,2.7,2.4,0.6,1.6,1.6,1.2,,,1.1,3.8,2.2,2.7,,3,2.7,2.6,1.5,,9,,,6.7,,2.4,84,65,89,73,,84,65,89,73,74,79,,72,40,62,,40,72,40,62,,77,,40,68,63,62,68,,,66,64,64,66,,66,49,32,20,,47,28,,48,48,40,51,61,69,44,,50,55,76,55,68,47,60,78,78,60,,,55,76,73,68,,49,54,65,36,,50,,,51,,47,0.6,0.2,1.4,1.6,1.5,0.6,1,1.7,1.7,3.9,10.7,6,7.9,5.3,0.2,1.1,1,5,15.7,19,25,45,20,20,25,55,25,15,20,15,50,20,5,10,35,20,45,25,45,30,55,25,15,20,5,10,10,10,90,65,80,100,70,60,30,10,0,0,0,25,40,35,0,0,0,45,35,20,0,0,0,60,40,0,0,0,0,5,65,25,5,0,0,1,1,2,1,2
3,23.1,5,17.9,4.7,9.9,3.5,6.4,70,55,50,31,39,49,36,32,7,31,14,21,7,14,22,6,16,3,8,3,6,13,1,4,1,2,0,2,999,6,999,999,8,3,999,4.88,1.9,6.92,3.5,5.13,2.16,3.5,2.6,3.4,3.9,13.3,,2.6,3.4,3.9,13.3,16.1,7.1,,1.6,0.9,3.4,,0.9,1.6,0.9,3.4,,4.1,,0.9,6.7,5.5,3.7,2.1,,,8.6,9.3,9.5,8.4,,2,1,1.3,0.4,,4.2,0.5,,1.8,1.2,1.7,2.3,3.1,2.8,2.3,,6.4,0.8,2.7,6.5,1.9,1.6,0.4,1.1,1,1,,,0.8,2.7,1.6,1.9,,1.9,2,1.8,1.3,,6.4,,,4.9,,1.6,64,67,78,70,,64,67,78,70,70,71,,53,30,56,,30,53,30,56,,68,,30,55,45,46,51,,,50,49,50,49,,50,24,26,20,,32,23,,45,30,24,32,44,47,38,,36,40,53,40,46,31,40,53,50,50,,,40,53,53,46,,31,40,45,33,,36,,,37,,31,0.8,0,1.2,2.1,1.8,0.6,1.3,2.3,0,3.2,13.7,7.2,7.9,6.9,0,1.4,1.2,0,19.3,24,15,20,5,15,15,20,15,10,30,10,20,5,15,5,35,20,30,30,25,30,50,40,30,55,35,55,35,30,95,85,100,90,80,65,30,5,0,0,0,25,60,15,0,0,0,55,45,0,0,0,0,65,25,10,0,0,0,15,65,15,5,0,0,2,3,2,2,2
2,23.6,6,21.9,6.1,12.1,4.1,8.1,72,66,61,41,48,58,45,32,9,33,14,22,7,16,23,6,22,5,12,4,8,17,3,11,1,1,1,0,18,6,31,999,10,3,9,4.86,1.73,6.6,3.39,4.88,1.54,3.78,3.4,3.6,4.1,12.6,,3.4,3.6,4.1,12.6,16.6,7.1,,2.1,1.3,3.9,,1.3,2.1,1.3,3.9,,4.7,,1.3,7.8,7.1,4.7,2.4,,,10.1,11.8,11.8,10.1,,2.4,1.5,1.5,0.8,,5.3,0.8,,2,1.9,2.3,3.2,4.3,2.7,2.5,,8.1,1.1,3,8.3,2.2,1.7,0.5,1.4,1.1,1.2,,,1.1,3,1.9,2.2,,2.7,2.9,1.7,1.3,,8.1,,,6.4,,1.7,84,72,81,66,,84,72,81,66,72,71,,70,42,64,,42,70,42,64,,78,,42,65,59,58,60,,,59,62,62,59,,59,36,30,40,,41,40,,49,48,32,45,61,45,42,,45,55,59,52,54,33,45,68,53,60,,,55,59,63,54,,45,58,41,33,,45,,,49,,33,0.9,0.1,0.6,0.9,1.7,0.7,1,2.6,0.6,1.7,5.7,6.6,10,5.3,0.1,0.7,0.9,1.7,9.3,18,5,40,20,15,10,20,15,30,25,15,30,25,20,20,30,10,35,45,45,50,50,35,25,30,10,20,10,15,100,65,85,90,70,80,20,0,0,0,0,20,45,30,5,0,0,40,45,15,0,0,0,45,45,10,0,0,0,25,45,20,10,0,0,1,2,1,2,2
2,26.5,6.8,26.6,7.7,14.8,5.3,9.5,80,75,74,51,59,75,53,31,9,34,12,21,7,16,27,7,28,8,16,5,10,21,4,19,4,8,3,4,999,8,28,999,999,5,9,3.33,1.41,4.55,2.58,3.78,1.02,3.27,3.4,3.9,4.6,14.6,,3.4,3.9,4.6,14.6,18.6,7.9,,2.6,1.3,4.2,,1.3,2.6,1.3,4.2,,5.5,,1.3,8.7,8.8,6.3,2.9,,,13.2,13.4,13.9,12.7,,2.9,2,2.1,0.8,,6.7,1,,2.6,2.2,2.9,4.1,4.1,4.4,2.8,,9.5,1.2,4.1,8.9,3.2,2.8,0.8,1.4,1.7,1.4,,,1.2,4.1,2.1,3.2,,3.3,2.7,2.8,1.4,,9.5,,,6.8,,2.8,85,78,92,77,,85,78,92,77,81,79,,85,43,70,,43,85,43,70,,91,,43,73,73,78,71,,,78,70,73,75,,73,49,41,38,,52,48,,65,54,41,59,59,73,47,,53,58,82,55,79,55,80,70,83,70,,,58,82,70,79,,55,54,69,35,,53,,,52,,55,0.4,0.1,0.5,1.6,0.6,0.3,0.4,1.1,1.1,1.4,10.3,2.4,3.6,1.9,0.1,1.1,0.4,3.3,15,7,20,60,20,40,25,40,30,35,15,50,35,45,40,20,35,20,30,25,20,20,40,10,5,0,0,10,0,10,100,70,95,100,60,80,20,0,0,0,0,15,55,20,10,0,0,40,55,5,0,0,0,65,35,0,0,0,0,5,55,40,0,0,0,2,2,1,3,3
3,25.6,5.9,24.3,6.7,14.3,4.4,9.9,77,66,67,44,57,62,55,31,8,35,13,24,7,18,26,6,25,7,14,4,9,17,3,13,1,6,2,4,999,6,25,4,8,4,9,4.16,1.59,5.87,3.05,5.4,1.5,4.28,3.4,3.8,4.5,13.9,,3.4,3.8,4.5,13.9,17.5,8.1,,2.2,1.1,3.7,,1.1,2.2,1.1,3.7,,4.9,,1.1,8.7,8.1,4.8,2.8,,,12.1,12.2,12.6,11.7,,2.7,1.5,1.8,0.8,,5.8,0.9,,1.9,1.9,2.9,3.7,3.9,4.4,2.9,,9.9,0.8,3.6,9.1,2.6,2.6,0.8,1.2,1.5,1,,,0.8,3.6,1.8,2.6,,2.9,2.8,2.9,2,,9.9,,,7.4,,2.6,85,75,90,73,,85,75,90,73,76,81,,73,35,62,,35,73,35,62,,81,,35,72,67,60,69,,,71,64,66,69,,68,36,35,38,,45,43,,48,48,41,52,56,73,48,,55,40,71,57,65,51,75,58,75,48,,,40,71,58,65,,48,55,73,49,,55,,,57,,51,0.4,0.1,0.4,1.4,1.2,0.5,0.7,1.1,1.1,1.1,9,4.6,7.1,3.6,0.1,1,0.6,3.3,14.3,12,15,35,20,20,30,30,35,30,35,35,40,20,10,15,35,0,30,35,25,45,40,20,30,15,5,25,15,10,95,90,85,100,80,60,35,5,0,0,0,30,60,10,0,0,0,45,40,15,0,0,0,55,45,0,0,0,0,35,45,15,5,0,0,2,2,2,2,1
4,24.7,5.6,22.8,6.8,12.7,4.1,8.6,75,62,63,45,51,59,48,31,8,32,12,20,7,13,26,6,22,6,13,4,10,17,3,11,2,1,0,1,27,7,22,999,16,4,6,3.6,1.6,5.78,2.65,4.82,1.8,3.49,3.3,3.3,4.6,13.5,,3.3,3.3,4.6,13.5,17.2,7.5,,2,1,3.6,,1,2,1,3.6,,4.6,,1,8.1,7.9,4.7,2.3,,,10.9,11.9,12.5,10.4,,2.3,1.7,2,0.9,,5.8,1,,2.3,2.3,2.2,3.1,4,3.5,2.7,,8.6,1.1,3.1,8.1,2.3,2.4,0.4,1.3,1.2,1.3,,,1.1,3.1,1.9,2.3,,2.7,2.7,2.3,1.4,,8.6,,,6.2,,2.4,81,66,92,71,,81,66,92,71,75,75,,67,33,60,,33,67,33,60,,77,,33,67,65,58,56,,,64,63,66,61,,56,43,39,43,,44,50,,56,58,31,44,57,58,44,,48,53,61,50,56,48,35,65,60,63,,,53,61,62,56,,45,54,58,35,,48,,,48,,48,0.5,0,1.3,1,0.9,0.4,0.6,1.5,0,3.5,6.7,3.6,5,3.1,0,0.8,0.6,0,11.4,11,5,35,20,25,15,15,25,35,20,15,40,30,20,5,40,20,50,30,45,50,60,20,25,15,5,10,15,10,100,75,90,90,60,60,40,0,0,0,0,35,40,20,5,0,0,50,40,10,0,0,0,50,40,10,0,0,0,15,45,40,0,0,0,2,4,2,4,4
1,25,5.6,23.6,6.2,13.1,4.3,8.8,76,62,65,41,52,61,49,32,8,32,11,23,7,16,26,6,26,8,13,4,8,11,0,4,1,1,0,1,29,8,25,8,13,4,8,5.34,2.41,7.54,3.21,5.24,1.75,3.82,3.3,3.8,4.3,13.7,,3.3,3.8,4.3,13.7,17.1,8,,2,1.2,3.7,,1.2,2,1.2,3.7,,4.4,,1.2,8.8,7.2,5,2.7,,,11.5,12.1,12,11.6,,2.3,1.6,1.5,0.9,,5.3,0.9,,2,2.1,2.2,3.4,4.3,3.3,2.8,,8.8,1.1,3.2,8.1,2.6,2.5,0.7,1.5,1.1,1.2,,,1.1,3.2,1.8,2.6,,2.7,2.9,2.3,1.6,,8.8,,,6.4,,2.5,81,76,86,72,,81,76,86,72,74,80,,65,40,61,,40,65,40,61,,73,,40,73,60,62,66,,,68,63,63,68,,58,40,29,43,,41,45,,49,51,31,48,61,55,46,,49,55,64,51,64,49,65,73,53,58,,,55,64,58,64,,45,57,56,40,,49,,,49,,49,0.6,0.1,0.7,1.4,0.7,0.2,0.6,1.8,0.6,1.8,9.3,2.8,2.1,3.1,0.1,1,0.6,1.7,13.6,11,10,40,20,25,25,35,25,35,20,45,35,10,5,10,35,10,20,20,55,45,55,20,30,15,20,10,15,10,100,65,95,95,65,60,40,0,0,0,0,40,25,35,0,0,0,50,45,5,0,0,0,55,40,5,0,0,0,25,40,25,10,0,0,2,2,2,2,2
2,25.3,5.8,22.2,6.4,12.6,4.2,8.5,77,64,62,43,50,59,47,30,8,32,11,21,7,15,26,6,22,6,13,5,9,14,2,7,1,4,0,2,26,6,22,999,999,5,9,4.7,1.47,7.18,2.95,4.91,1.79,3.38,3.3,3.7,4.2,14.2,,3.3,3.7,4.2,14.2,17.4,8,,2.1,1,3.8,,1,2.1,1,3.8,,4.8,,1,7.8,7.3,4.7,2.5,,,10.4,11.8,12,10.2,,2.5,1.8,1.6,0.6,,5.8,0.6,,1.6,1.8,3,3.3,3.7,3.5,2.9,,8.5,1,3.2,8.5,2.2,1.9,0.4,1.3,1.4,1.1,,,1,3.2,2,2.2,,2.9,2.5,2.1,1.8,,8.5,,,6.6,,1.9,83,74,83,74,,83,74,83,74,75,80,,68,33,63,,33,68,33,63,,80,,33,65,60,58,61,,,61,62,63,60,,61,44,32,30,,45,30,,40,45,43,46,53,58,47,,47,50,63,53,55,38,40,63,70,55,,,50,63,65,55,,48,49,53,44,,47,,,50,,38,0.7,0.1,1.2,1,1.5,0.5,1,2,1.1,3.2,6.7,5.8,6.4,5.6,0.1,0.7,1,3.3,9.3,20,15,35,15,30,10,25,20,25,35,30,30,35,25,25,40,15,30,25,30,30,40,20,15,25,15,25,20,15,95,65,85,90,60,70,25,5,0,0,0,10,55,35,0,0,0,45,40,15,0,0,0,65,25,10,0,0,0,5,55,35,5,0,0,1,1,2,1,2
3,23.5,5.8,22.4,6.5,12.8,4.4,8.5,71,64,62,43,51,62,47,32,9,32,14,19,7,13,23,6,23,7,14,5,9,16,2,4,1,4,0,3,999,999,999,999,17,999,999,4.55,1.97,7.82,3.78,4.55,1.73,3.55,3.1,3.3,4.2,12.9,,3.1,3.3,4.2,12.9,16.6,6.9,,1.9,1.2,3.9,,1.2,1.9,1.2,3.9,,4.6,,1.2,7.9,7.5,4.9,2.2,,,10.8,11.6,12.2,10.2,,2.5,1.6,1.9,0.6,,5.9,0.6,,2.3,1.7,2.6,3.3,3.9,3.8,2.4,,8.5,1,3.4,8,2.5,2.4,0.7,1.5,1.1,1.1,,,1,3.4,1.9,2.5,,2.6,2.4,2.7,1.3,,8.5,,,6.1,,2.4,78,66,84,68,,78,66,84,68,72,69,,63,38,64,,38,63,38,64,,77,,38,65,63,61,54,,,64,61,64,60,,61,40,38,28,,45,30,,56,43,36,46,56,62,39,,47,50,67,50,61,47,65,75,55,55,,,50,67,63,61,,43,48,66,31,,47,,,47,,47,0.6,0.1,0.6,1.7,1,0.3,0.8,1.8,0.6,1.7,11,4,3.6,4.2,0.1,1.2,0.8,1.7,16.4,15,15,40,20,30,15,30,30,10,20,20,25,35,20,10,40,15,30,30,30,35,40,35,25,30,15,20,15,20,100,85,100,95,60,75,25,0,0,0,0,30,55,15,0,0,0,40,60,0,0,0,0,55,40,5,0,0,0,20,40,35,5,0,0,2,2,1,2,1
3,24.7,5.9,22.7,5.6,13,4.5,8.6,75,65,63,37,52,64,48,31,9,33,11,23,7,17,26,6,24,6,15,5,9,15,3,11,0,5,1,2,999,5,25,999,999,999,4,4.52,1.76,6.62,3.83,5.54,1.85,4.21,3.1,3.6,4.4,13.6,,3.1,3.6,4.4,13.6,17.2,7.5,,2.2,1.1,3.7,,1.1,2.2,1.1,3.7,,4.8,,1.1,7.7,7.6,4.8,2.7,,,10.5,12.2,12.2,10.6,,2.1,1.2,1.7,0.7,,4.7,0.9,,1.8,1.7,2.2,3.3,4.3,3.1,3,,8.6,1.1,3.4,8.4,2.4,2.3,0.6,1.5,1.1,1.4,,,1.1,3.4,2.1,2.4,,2.8,2.8,2,1.7,,8.6,,,6.3,,2.3,78,72,88,71,,78,72,88,71,75,75,,73,37,61,,37,73,37,61,,79,,37,64,63,59,68,,,62,64,64,62,,51,30,33,33,,36,43,,44,41,31,47,61,52,50,,48,55,67,53,59,45,55,73,55,68,,,55,67,70,59,,46,56,50,41,,48,,,48,,45,0.6,0.1,0.6,1.5,1.1,0.5,0.6,1.8,0.6,1.5,9.7,4.2,7.1,3.1,0.1,1,0.6,1.7,14.3,11,15,35,25,30,25,35,20,25,15,15,20,30,15,5,40,25,35,20,10,30,50,20,25,25,30,35,20,25,100,70,85,95,75,65,35,0,0,0,0,30,40,25,5,0,0,45,40,15,0,0,0,75,20,0,5,0,0,35,40,25,0,0,0,1,1,2,2,2
3,25.4,6,24.2,6.4,14,4.5,9.5,77,66,67,43,56,64,53,32,9,33,11,23,7,16,27,6,26,7,15,4,10,11,2,13,1,4,2,2,28,999,27,8,17,999,11,5.25,1.76,5.83,2.96,4.89,1.47,3.78,2.9,3.7,4.6,14.4,,2.9,3.7,4.6,14.4,17.7,7.7,,2.2,1.1,3.8,,1.1,2.2,1.1,3.8,,4.9,,1.1,8.3,8,5.6,2.5,,,11.7,12.6,12.8,11.4,,2.5,2,1.5,0.5,,5.8,0.6,,1.7,1.8,3,3.9,4.1,3.6,3.3,,9.5,1.2,3.4,9.1,2.5,2.5,0.6,1.2,1.2,1.6,,,1.2,3.4,2.1,2.5,,3.4,2.9,2.4,1.7,,9.5,,,7,,2.5,71,73,91,76,,71,73,91,76,77,77,,73,37,63,,37,73,37,63,,81,,37,69,66,69,61,,,69,66,67,67,,63,49,30,23,,45,30,,41,45,42,56,58,59,54,,53,58,67,57,61,50,55,60,60,78,,,58,67,68,61,,56,57,59,43,,53,,,54,,50,0.8,0.2,0.7,1.3,1.1,0.5,0.7,2.3,2.2,1.9,8.3,4.4,6.4,3.6,0.1,0.8,0.7,1.7,10.7,13,20,30,20,15,20,35,25,30,30,30,60,40,10,10,30,30,35,5,25,45,50,20,10,15,20,15,10,15,100,75,95,100,65,70,30,0,0,0,0,20,55,20,5,0,0,30,65,5,0,0,0,65,35,0,0,0,0,10,55,25,10,0,0,2,1,2,2,2
3,25.4,6,22.2,6.5,12.9,4.5,8.4,77,66,62,43,51,64,46,32,8,30,13,21,7,15,26,6,22,7,13,5,8,17,3,10,1,7,1,4,999,7,22,7,999,5,999,4.48,1.39,5.55,3.25,3.56,1.61,2.8,3,3.8,4.3,14.4,,3,3.8,4.3,14.4,17.3,8.1,,2.4,1.2,3.6,,1.2,2.4,1.2,3.6,,4.8,,1.2,7.9,7.5,4.5,2.4,,,10.3,11.9,11.8,10.4,,2.1,1.7,1.8,0.9,,5.5,1,,1.9,1.9,2.7,3.5,4.3,3.3,2.6,,8.4,1.1,3.5,8.2,2.5,2.3,0.7,1.5,1.2,1.2,,,1.1,3.5,2.1,2.5,,2.8,2.8,2.1,1.5,,8.4,,,6.1,,2.3,74,75,86,76,,74,75,86,76,75,81,,78,38,60,,38,78,38,60,,80,,38,65,63,56,60,,,61,63,62,61,,53,43,35,45,,42,48,,48,46,39,49,61,54,43,,46,53,69,51,61,45,65,75,60,58,,,53,69,68,61,,47,55,51,36,,46,,,47,,45,0.3,0,0.8,1.2,1.1,0.2,0.9,0.9,0,2.2,7.7,4.4,2.9,5,0,0.9,0.9,0,12.1,17,20,45,10,20,5,30,10,20,15,30,45,40,30,15,40,25,40,20,45,25,65,20,15,20,15,10,15,10,100,85,90,100,55,65,35,0,0,0,0,40,45,15,0,0,0,60,30,10,0,0,0,70,30,0,0,0,0,15,40,30,15,0,0,2,1,1,2,1
3,25.1,6.7,24,6.4,14.4,4.7,9.7,76,74,67,43,58,67,54,31,9,35,12,21,7,16,27,7,25,6,15,5,9,15,5,8,0,6,2,4,29,999,999,999,12,999,9,4.63,0.92,6.75,3.27,4.24,1.45,3.4,3.6,3.7,4.5,13.4,,3.6,3.7,4.5,13.4,17.8,7.4,,2.4,1.4,4.4,,1.4,2.4,1.4,4.4,,5.4,,1.4,8.5,7.9,5.2,2.5,,,11.1,12.9,12.7,11.3,,2.4,1.9,1.5,0.7,,5.8,0.6,,1.8,1.8,2.9,3.4,4.2,4.1,3.3,,9.7,0.9,3.8,9.3,2.5,2.7,0.7,1.3,1.5,1.3,,,0.9,3.8,2.3,2.5,,2.7,2.9,2.7,2,,9.7,,,7,,2.7,89,74,90,70,,89,74,90,70,77,74,,78,45,73,,45,78,45,73,,89,,45,71,65,64,61,,,65,68,67,66,,60,46,29,35,,45,30,,45,44,41,49,59,68,54,,54,45,76,58,61,54,70,65,73,63,,,45,76,75,61,,45,57,66,50,,54,,,54,,54,0.8,0,0.4,1.5,1.1,0.4,0.7,2.3,0,1,10,4.2,5,3.9,0,1.1,0.7,0,15.7,13,15,55,25,25,30,35,30,35,40,25,35,25,30,25,30,5,35,30,35,25,40,20,0,15,10,10,10,5,95,60,85,90,70,65,30,5,0,0,0,25,35,40,0,0,0,35,50,15,0,0,0,60,30,10,0,0,0,10,60,30,0,0,0,2,1,1,3,2
3,25.4,6.6,23.3,7.1,13.7,4.3,9.4,77,73,65,47,55,61,52,32,9,32,11,21,7,15,26,7,24,8,15,4,11,16,3,14,1,3,2,1,999,7,24,9,999,999,12,4.51,1.5,4.71,2.95,4.51,1.45,3.63,3.2,3.6,4.3,14.4,,3.2,3.6,4.3,14.4,17.6,7.8,,2.2,1.4,4.4,,1.4,2.2,1.4,4.4,,5.2,,1.4,8.6,7.5,5.1,2.2,,,11,12.3,12.7,10.6,,2.6,1.6,1.8,1.1,,6.2,0.9,,2.1,2.2,2.8,3.7,4,3.8,2.8,,9.4,0.9,3.4,8.7,2.4,2.6,0.6,1.2,1.3,1.2,,,0.9,3.4,1.9,2.4,,3.1,2.8,2.5,1.6,,9.4,,,6.8,,2.6,80,71,85,76,,80,71,85,76,77,78,,73,47,72,,47,73,47,72,,86,,47,71,63,63,54,,,64,65,67,62,,64,40,36,55,,48,43,,51,55,40,52,57,63,47,,52,45,68,54,60,52,60,60,65,60,,,45,68,63,60,,51,56,63,40,,52,,,52,,52,0.4,0,0.7,1.4,1.2,0.4,0.8,1.1,0,1.8,9.3,4.8,5.7,4.4,0,1.1,0.8,0,15.7,15,15,60,10,35,15,15,35,30,10,25,40,45,30,0,40,25,55,15,25,40,55,15,5,10,10,15,15,10,95,65,100,95,70,65,30,5,0,0,0,30,35,30,5,0,0,55,45,0,0,0,0,70,25,5,0,0,0,20,50,25,5,0,0,1,2,2,2,3
1,25.9,6.1,24.1,7.7,13.5,4.6,9,78,68,67,51,54,65,50,32,9,34,12,23,7,16,27,6,23,8,14,5,9,19,2,16,2,6,2,3,24,999,999,999,999,999,11,3.86,2,5.71,2.87,5.29,1.82,3.86,3.4,3.9,4.5,14.2,,3.4,3.9,4.5,14.2,18.1,7.9,,1.9,1.2,4.2,,1.2,1.9,1.2,4.2,,4.9,,1.2,8.9,7.3,5.3,2.6,,,11.3,12.8,13,11.1,,2.8,2.1,1.9,1,,6.6,1.1,,2.1,2.4,3.3,3.3,4.2,3.8,2.8,,9,1.1,3.5,8.5,2.5,2.6,0.6,1.3,1.4,1.4,,,1.1,3.5,2.1,2.5,,2.7,3,2.4,1.4,,9,,,6.4,,2.6,84,78,89,75,,84,78,89,75,78,79,,63,40,70,,40,63,40,70,,82,,40,74,61,66,65,,,66,67,68,65,,70,51,37,50,,51,55,,51,60,46,47,60,62,46,,50,53,70,53,61,52,60,63,68,68,,,53,70,70,61,,45,59,60,35,,50,,,49,,52,0.5,0.1,0.5,1.3,1.1,0.2,0.9,1.5,0.6,1.4,8.7,4.4,2.9,5,0.1,1.1,0.9,1.7,15.7,18,20,45,25,45,25,35,20,35,25,0,30,25,15,5,30,10,60,20,30,30,60,15,20,15,5,20,20,15,100,65,90,100,75,65,35,0,0,0,0,25,40,35,0,0,0,50,40,10,0,0,0,70,30,0,0,0,0,25,50,20,5,0,0,2,3,2,3,2
3,24.8,6.3,24.6,6.6,14.8,4.9,9.9,75,69,68,44,59,70,55,31,9,35,14,25,7,18,26,7,24,6,15,5,10,14,3,12,1,6,2,4,25,7,999,6,19,5,12,5,1.59,6.75,3.66,4.74,1.52,3.8,3.3,3.6,4.1,13.9,,3.3,3.6,4.1,13.9,17,7.8,,2.5,1.2,3.8,,1.2,2.5,1.2,3.8,,5.1,,1.2,8.2,8,5.7,2.8,,,11.7,12.9,13.2,11.4,,2.6,1.7,1.6,0.7,,5.8,0.8,,1.8,1.9,2.9,3.8,4.4,4.2,3.2,,9.9,1.1,3.8,9.4,2.7,2.8,0.7,1.5,1.4,1.4,,,1.1,3.8,2.3,2.7,,3.1,2.9,2.8,1.8,,9.9,,,7.2,,2.8,81,71,81,73,,81,71,81,73,74,78,,83,40,63,,40,83,40,63,,84,,40,68,66,71,70,,,69,68,69,67,,65,41,32,35,,44,40,,45,48,41,54,62,70,53,,55,55,76,59,66,55,70,73,70,68,,,55,76,75,66,,51,58,70,45,,55,,,55,,55,0.6,0,0.3,1.6,1.3,0.3,1,1.7,0,0.8,10.3,5,3.6,5.6,0,1.4,1,0,19.3,20,20,50,30,35,30,35,40,20,25,20,20,25,35,10,40,5,40,30,40,20,45,20,20,10,15,5,10,5,95,80,90,95,65,80,15,5,0,0,0,30,50,10,10,0,0,30,60,10,0,0,0,60,35,5,0,0,0,15,50,30,5,0,0,2,1,2,2,2
1,25.5,5.8,24.8,7.2,14.6,5,9.6,77,64,69,48,58,71,53,31,8,33,14,23,7,16,28,6,27,7,15,5,10,16,3,10,1,3,1,2,28,7,999,10,999,999,7,3.95,1.64,6.56,3.62,5.05,1.41,3.97,3.1,3.7,4.6,14.2,,3.1,3.7,4.6,14.2,17.6,7.9,,2.2,1,3.6,,1,2.2,1,3.6,,4.9,,1,9,7.9,5.2,2.7,,,11.8,13,13.3,11.5,,2.7,1.9,1.8,0.8,,6.3,0.9,,2.2,2.2,2.8,3.8,4.7,3.8,3.1,,9.6,1.3,3.8,9.1,2.9,2.7,0.6,1.6,1.3,1.6,,,1.3,3.8,2.2,2.9,,3.2,3.1,2.5,1.5,,9.6,,,6.9,,2.7,76,73,91,75,,76,73,91,75,76,79,,73,32,60,,32,73,32,60,,81,,32,75,66,65,66,,,69,68,70,68,,68,48,35,40,,48,45,,54,55,40,54,66,62,51,,53,63,75,57,71,53,60,78,65,78,,,63,75,72,71,,52,62,61,38,,53,,,53,,53,0.5,0.3,0.6,1.8,1.3,0.3,1,1.5,2.8,1.5,12,5,3.6,5.6,0.2,1.7,1,6.7,23.6,20,10,45,20,40,35,40,40,50,10,35,25,20,30,5,25,20,30,20,40,25,50,15,25,15,15,5,5,5,100,80,85,95,60,75,25,0,0,0,0,30,50,15,5,0,0,60,25,15,0,0,0,55,40,5,0,0,0,30,30,30,10,0,0,1,1,1,2,2
2,25.9,5.8,23.7,6.9,14.6,4.8,9.9,78,64,66,46,58,68,55,32,8,33,12,21,7,15,26,6,26,7,16,5,10,19,1,11,1,6,2,4,999,6,27,6,15,6,4,3.54,1.88,6.75,3.27,4.83,1.59,3.8,3.6,3.9,4.4,14,,3.6,3.9,4.4,14,18.2,7.7,,2.4,1.3,3.5,,1.3,2.4,1.3,3.5,,4.6,,1.3,8,8,5.2,2.6,,,11.3,12.4,12.6,11.1,,2.5,2,1.8,0.6,,6.2,0.7,,2.1,2.1,2.7,3.8,4.2,4.2,3.1,,9.9,1.1,3.7,9.3,2.8,2.6,0.7,1.4,1.4,1.4,,,1.1,3.7,2,2.8,,3.1,2.8,2.9,1.7,,9.9,,,7.3,,2.6,90,77,88,74,,90,77,88,74,79,77,,78,42,58,,42,78,42,58,,76,,42,66,66,65,64,,,66,65,66,65,,63,49,36,30,,48,33,,53,51,39,54,60,70,51,,55,55,73,58,69,51,65,70,68,68,,,55,73,67,69,,52,56,71,43,,55,,,56,,51,0.2,0.5,1.5,2.7,1.8,0.3,1.5,0.5,5.6,4.2,18,7,4.3,8.1,0.5,2.4,1.5,16.7,34.3,29,15,40,20,30,30,40,35,30,25,30,35,35,20,15,45,10,35,25,15,25,30,10,25,15,10,20,15,20,100,85,95,90,75,65,35,0,0,0,0,20,65,10,5,0,0,40,55,5,0,0,0,70,20,10,0,0,0,15,60,20,5,0,0,2,1,1,3,2
3,23.4,5.5,22.5,6.1,12.2,3.9,8.4,71,61,63,40,49,55,46,29,9,33,12,20,7,16,23,6,22,6,11,4,8,16,2,12,2,3,1,1,999,7,22,3,10,4,999,3.33,2.31,5.69,3.17,4.6,1.53,3.96,3.2,3.3,4.3,12.7,,3.2,3.3,4.3,12.7,16.3,7.1,,2,1.5,3.6,,1.5,2,1.5,3.6,,4.1,,1.5,7.9,7.9,4.5,2.4,,,10.5,12,12.2,10.4,,2.2,1.9,1.7,0.4,,5.5,0.6,,2.1,1.7,2.4,3.4,3.3,3.3,2.9,,8.4,0.9,3,8,2.1,2.2,0.7,0.9,1.1,1.3,,,0.9,3,1.8,2.1,,2.7,2.4,2.3,1.7,,8.4,,,6.2,,2.2,79,66,86,67,,79,66,86,67,71,71,,65,48,59,,48,65,48,59,,67,,48,65,65,56,59,,,62,63,64,61,,55,46,33,18,,42,28,,51,41,34,48,47,55,48,,46,43,60,50,51,43,65,45,53,63,,,43,60,60,51,,45,48,56,41,,46,,,48,,43,0.5,0.9,1.1,3.1,1.7,0.3,1.4,1.4,9.4,2.9,20.7,6.6,4.3,7.5,0.7,2.6,1.1,23.3,37.1,22,0,45,15,30,20,15,30,20,15,10,20,15,15,0,55,0,50,40,45,50,55,25,40,25,10,20,20,15,100,80,100,90,65,65,35,0,0,0,0,35,45,15,5,0,0,50,50,0,0,0,0,55,35,10,0,0,0,15,50,35,0,0,0,4,2,3,3,2
4,24.6,6.2,22.4,5.8,12.8,4.3,8.5,75,68,62,38,51,61,47,30,8,33,12,21,7,14,25,7,23,6,12,4,8,16,3,11,1,6,2,3,28,7,999,6,999,3,7,3.84,1.35,7.15,3.01,4.56,1.69,3.15,3.1,3.3,4.2,14.2,,3.1,3.3,4.2,14.2,16.7,7.9,,2.2,1.1,4,,1.1,2.2,1.1,4,,5.1,,1.1,7.4,7.9,4.8,2.4,,,10.1,12.3,12.1,10.3,,2.2,1.2,1.6,0.8,,5.2,0.6,,1.9,1.6,2.3,3,4,3.5,2.8,,8.5,1,3.3,8.1,2.5,2.3,0.4,1.3,1.4,1.3,,,1,3.3,1.9,2.5,,2.6,2.7,2.2,1.6,,8.5,,,6.2,,2.3,76,65,83,74,,76,65,83,74,73,79,,72,37,67,,37,72,37,67,,84,,37,62,65,59,59,,,59,64,64,60,,55,30,31,40,,40,30,,46,40,33,42,57,58,47,,47,50,66,50,61,46,40,65,68,63,,,50,66,62,61,,43,54,54,39,,47,,,48,,46,0.7,1.1,1.1,3.9,2.3,0.5,1.8,2,11.7,3.1,25.7,9,6.4,10,1.1,2.7,1.3,35,37.9,25,10,50,25,15,20,30,25,25,35,15,40,15,10,5,45,0,30,30,50,50,60,20,15,30,15,15,10,10,95,65,85,100,60,55,40,5,0,0,0,25,40,35,0,0,0,30,55,15,0,0,0,55,45,0,0,0,0,5,55,35,5,0,0,1,2,1,2,2
3,24.6,6.2,24,6.7,13.7,4.1,9.6,74,68,67,45,55,58,53,32,9,32,11,22,7,15,26,6,25,6,13,4,9,13,3,14,4,5,1,4,999,5,26,4,13,4,9,5.5,1.57,5.37,2.74,4.49,1.82,3.02,2.9,3.7,4.3,13.7,,2.9,3.7,4.3,13.7,17.1,7.5,,2.2,1.2,4,,1.2,2.2,1.2,4,,5,,1.2,8.4,8,5.2,2.5,,,11.3,12.7,12.9,11.1,,2.8,2.1,1.3,0.6,,6.1,0.6,,2.1,2,2.7,3.9,4.1,3.5,2.9,,9.6,0.8,3.3,8.8,2.3,2.6,0.7,1.2,1.1,1.2,,,0.8,3.3,1.8,2.3,,3.2,3,2.5,1.7,,9.6,,,7.1,,2.6,73,73,86,72,,73,73,86,72,74,75,,73,40,66,,40,73,40,66,,82,,40,70,66,65,61,,,66,67,68,65,,69,53,25,30,,47,30,,51,50,38,55,59,58,47,,53,38,66,55,58,51,65,58,53,60,,,38,66,58,58,,53,59,61,41,,53,,,54,,51,0.8,1.1,1.1,3,2.3,0.4,1.9,2.3,11.7,2.9,20,9.2,5.7,10.6,1.1,2.1,1.2,35,29.3,23,15,40,20,30,20,25,25,30,20,30,25,20,10,25,30,30,30,45,50,50,40,25,10,20,0,10,15,10,100,70,90,100,70,55,45,0,0,0,0,20,50,30,0,0,0,45,45,10,0,0,0,50,50,0,0,0,0,10,60,30,0,0,0,2,2,2,2,2
3,24.2,6.1,23.7,7.3,14.1,4.6,9.5,73,68,66,48,56,66,53,31,9,34,13,21,6,16,25,6,24,8,14,5,10,12,3,7,1,5,1,4,999,6,999,999,999,5,7,5.74,1.55,7.41,3.67,4.3,1.31,3.39,3.2,3.6,4.1,13.3,,3.2,3.6,4.1,13.3,16.8,7.4,,2.2,1.1,4,,1.1,2.2,1.1,4,,5,,1.1,8.5,7.8,4.8,2.7,,,11.7,12,12.7,11,,2.8,1.7,2.1,0.8,,6.5,0.8,,2.3,2,3,4.3,3.9,4,2.8,,9.5,1,3.7,9.3,2.6,2.2,0.7,1.3,1.4,1.4,,,1,3.7,2.1,2.6,,3.6,2.7,2.6,1.4,,9.5,,,7.3,,2.2,79,72,82,70,,79,72,82,70,73,74,,72,37,66,,37,72,37,66,,83,,37,71,65,59,68,,,69,63,67,65,,69,43,41,38,,50,40,,58,49,43,61,56,66,46,,53,48,73,58,64,44,65,63,68,68,,,48,73,68,64,,60,53,65,35,,53,,,56,,44,0.4,0.7,1.1,3.1,2.2,0.3,1.9,1.2,7.8,3.1,20.7,8.8,4.3,10.6,0.7,2,1.3,23.3,28.6,26,20,35,25,50,25,25,30,25,35,20,15,25,40,5,30,15,35,20,45,30,60,25,15,20,15,5,5,5,95,80,85,100,65,75,20,5,0,0,0,35,45,20,0,0,0,50,35,15,0,0,0,65,35,0,0,0,0,20,45,35,0,0,0,2,1,2,2,2
3,24.6,5.9,21.2,6.5,13.2,4.3,8.9,74,65,59,43,53,61,49,31,9,31,15,21,7,15,25,6,21,7,13,4,10,12,2,10,0,5,2,2,999,6,16,999,999,4,12,4.99,1.73,6.62,4.26,4.56,1.17,3.6,3,3.5,4.5,13.7,,3,3.5,4.5,13.7,17.1,7.5,,2.2,1.3,3.7,,1.3,2.2,1.3,3.7,,4.6,,1.3,7.2,7.5,4.3,2.2,,,9.9,11.3,12,9.2,,2.2,1.9,1.9,0.6,,5.6,0.9,,2,2.1,2.5,3.6,3.8,3.7,2.9,,8.9,0.8,3.5,8.8,2.4,2.1,0.6,1.2,1.3,1.3,,,0.8,3.5,2,2.4,,3,2.6,2.4,1.6,,8.9,,,6.8,,2.1,74,70,89,72,,74,70,89,72,74,75,,73,42,61,,42,73,42,61,,77,,42,60,63,54,55,,,58,59,63,54,,54,46,38,30,,43,45,,49,51,36,51,54,61,47,,49,40,70,55,59,42,60,60,63,63,,,40,70,65,59,,49,52,60,40,,49,,,52,,42,0.3,0.5,2,3.8,1.8,0.5,1.4,0.8,5,5.6,25,7.2,6.4,7.5,0.5,2.3,1.1,15,32.9,22,20,35,15,40,20,15,35,15,30,20,20,25,20,5,50,15,30,20,40,60,45,15,20,35,20,15,5,15,95,80,85,100,80,65,30,5,0,0,0,35,45,15,5,0,0,50,35,15,0,0,0,75,25,0,0,0,0,25,55,15,5,0,0,3,1,2,2,2
1,25.6,6.3,21.9,7.5,13,4.4,8.6,78,69,61,50,52,62,48,32,8,33,13,24,7,17,26,7,21,8,13,5,9,15,3,7,0,3,1,2,26,7,28,7,10,999,999,4.45,1.65,7.4,3.98,5.16,1.69,3.89,3.6,3.6,4.4,14.1,,3.6,3.6,4.4,14.1,17.6,8,,2.3,1.5,4,,1.5,2.3,1.5,4,,4.8,,1.5,7.8,6.7,5.1,2.4,,,10.5,11.4,11.7,10.2,,2.5,2,2.2,0.9,,6.6,0.9,,2.2,2.2,3.2,3.1,4.1,3.7,2.7,,8.6,0.8,3.6,8.2,2.5,2.3,0.4,1.3,1.5,1.2,,,0.8,3.6,1.9,2.5,,2.7,2.8,2.2,1.6,,8.6,,,6.4,,2.3,89,72,88,74,,89,72,88,74,77,80,,77,50,66,,50,77,50,66,,79,,50,65,56,63,59,,,62,60,62,60,,63,49,43,45,,51,45,,54,54,46,44,59,61,45,,48,40,71,51,63,45,40,65,75,58,,,40,71,62,63,,45,56,54,39,,48,,,49,,45,0.5,0.5,1.7,3.3,1.5,0.6,0.9,1.4,5,4.6,22,5.8,7.9,5,0.4,1.8,0.7,13.3,25.7,13,25,55,15,40,15,25,20,15,20,30,35,30,25,10,45,5,20,10,40,30,55,15,20,35,15,15,20,15,100,75,95,95,65,70,30,0,0,0,0,25,50,25,0,0,0,45,50,5,0,0,0,60,35,5,0,0,0,15,50,35,0,0,0,2,1,1,2,2
2,25.8,5.7,23.1,7.5,13.8,4.6,9.2,78,63,64,50,55,66,51,32,9,34,14,24,7,17,28,6,24,9,13,5,9,14,0,5,1,3,1,2,28,7,30,9,999,4,7,4.72,2.37,7.74,3.59,5.48,1.6,4.27,3.3,4.3,4.3,14,,3.3,4.3,4.3,14,17.7,8.1,,2,1,3.7,,1,2,1,3.7,,4.7,,1,8.5,7.6,4.6,2.5,,,11.1,12,12.3,10.8,,3,1.6,2,0.9,,6.7,0.9,,2.2,2.2,3.2,3.5,4.3,3.8,3,,9.2,1,3.6,8.9,2.4,2.6,0.5,1.3,1.4,1.5,,,1,3.6,2.3,2.4,,3,3.1,2.4,1.5,,9.2,,,6.6,,2.6,81,85,86,74,,81,85,86,74,77,81,,67,32,61,,32,67,32,61,,78,,32,70,63,57,61,,,65,63,64,64,,75,40,40,45,,51,43,,54,55,45,50,61,63,49,,51,50,72,55,59,51,50,63,70,73,,,50,72,75,59,,50,61,59,38,,51,,,51,,51,0.5,0.7,2.3,3.5,1.9,0.6,1.3,1.5,7.8,6.4,23.3,7.4,8.6,6.9,0.7,2.1,0.9,21.7,30,17,20,45,30,50,20,20,30,35,20,15,15,25,30,15,35,5,30,30,45,40,40,10,30,25,5,10,10,15,100,65,80,100,70,65,35,0,0,0,0,25,40,30,5,0,0,55,25,20,0,0,0,65,35,0,0,0,0,25,45,15,15,0,0,1,1,1,1,1
1,26.2,6.2,24.1,6.7,14.1,4.8,9.3,79,69,67,44,56,69,52,32,9,32,12,22,7,15,26,6,25,7,13,5,9,21,4,14,3,6,2,4,29,7,999,999,12,999,7,2.96,1.4,5,2.72,4.56,1.64,3.45,3.4,3.8,4.8,14.3,,3.4,3.8,4.8,14.3,18.3,7.9,,2.2,1.3,4,,1.3,2.2,1.3,4,,4.9,,1.3,8.8,7.8,5,2.6,,,11.5,12.6,12.8,11.4,,2.7,1.8,1.4,0.9,,6.1,0.6,,2,1.9,2.8,3.2,4.3,4.2,3,,9.3,1,3.8,9,2.8,2.4,0.6,1.4,1.6,1.3,,,1,3.8,2,2.8,,2.6,3,2.7,1.7,,9.3,,,7,,2.4,85,75,95,75,,85,75,95,75,80,79,,73,43,67,,43,73,43,67,,82,,43,73,65,63,64,,,68,66,67,67,,66,44,27,45,,47,30,,50,48,39,45,61,70,50,,52,50,76,56,70,47,60,68,78,65,,,50,76,67,70,,42,59,66,43,,52,,,53,,47,0.6,0.6,2.7,4.1,2,0.6,1.4,1.7,6.1,7.4,27,7.8,7.9,7.8,0.5,2.5,1,16.7,35,19,5,45,15,30,25,35,30,40,25,40,25,20,15,5,45,15,40,45,50,45,60,10,15,5,0,5,5,5,100,80,90,95,60,80,20,0,0,0,0,40,40,20,0,0,0,65,25,10,0,0,0,45,50,5,0,0,0,10,50,30,10,0,0,3,2,2,2,2
3,23.8,5.4,21.9,5.5,11.6,3.9,7.7,72,59,61,37,46,55,43,32,8,32,14,24,7,17,25,6,21,6,13,4,7,14,1,8,1,2,0,1,999,7,999,6,999,6,11,4.93,1.69,7.31,3.33,6.23,2.08,4.55,3.1,3.2,3.8,13.8,,3.1,3.2,3.8,13.8,16.5,7.3,,1.8,1,3.6,,1,1.8,1,3.6,,4.4,,1,7.7,7.4,4.7,2.1,,,10.3,11.6,11.9,10,,2.2,1.4,1.3,0.6,,5,0.6,,1.8,1.7,2.1,3,3.7,3.2,2.4,,7.7,0.8,3.1,7.3,2.1,2.2,0.5,1.2,1.1,1.1,,,0.8,3.1,1.8,2.1,,2.6,2.5,2.1,1.3,,7.7,,,5.5,,2.2,76,63,76,73,,76,63,76,73,72,73,,60,33,59,,33,60,33,59,,72,,33,64,61,59,53,,,61,61,62,59,,55,35,26,30,,38,28,,44,43,29,43,52,53,39,,43,38,62,45,53,44,45,60,55,55,,,38,62,58,53,,43,49,51,31,,43,,,42,,44,0.4,0.7,2.5,4.8,2.5,0.8,1.8,1.2,7.2,6.9,31.7,10,10.7,9.7,0.6,3.1,1,20,43.6,20,5,30,25,15,10,30,20,25,20,10,45,35,15,0,40,20,40,15,20,20,50,30,30,25,25,35,35,30,100,85,75,90,70,70,30,0,0,0,0,30,55,15,0,0,0,45,30,25,0,0,0,40,50,10,0,0,0,10,60,25,5,0,0,2,2,2,3,3
3,22.5,5.8,20.8,6.2,11.5,3.7,7.8,68,64,58,41,46,53,43,30,8,29,12,20,7,15,23,7,23,6,11,3,8,12,2,9,0,4,1,1,23,7,999,999,10,3,999,5.27,1.8,6.34,3.68,4.47,1.56,3.41,3.2,3,3.9,12.4,,3.2,3,3.9,12.4,15.8,6.7,,2.1,1.3,3.7,,1.3,2.1,1.3,3.7,,4.5,,1.3,7.4,7,4.2,2.3,,,9.8,11,11.5,9.3,,2,1.6,1.8,0.8,,5.4,0.8,,1.9,1.9,2.5,3.3,4,2.8,2.1,,7.8,0.9,2.9,8,1.9,1.7,0.5,1.2,1.1,0.9,,,0.9,2.9,1.9,1.9,,2.8,2.8,1.7,1.2,,7.8,,,6.1,,1.7,80,59,78,65,,80,59,78,65,69,67,,70,42,61,,42,70,42,61,,75,,42,61,58,52,56,,,57,58,61,54,,50,40,36,40,,42,40,,46,48,35,47,56,47,34,,43,43,57,50,46,34,50,60,55,45,,,43,57,62,46,,47,55,43,29,,43,,,47,,34,1,0.6,2.5,4.3,2.9,0.9,2.1,2.9,6.1,6.8,28.7,11.6,12.1,11.4,0.5,2.8,1.4,16.7,39.3,28,10,50,0,25,15,15,15,15,15,40,25,15,15,0,40,5,30,35,50,50,70,35,30,30,15,20,20,15,100,75,95,100,75,60,40,0,0,0,0,20,55,20,5,0,0,40,55,5,0,0,0,45,55,0,0,0,0,30,45,25,0,0,0,2,2,2,2,2
3,24.7,6.1,22.2,7.2,13.5,4.5,9,75,68,62,48,54,64,50,33,9,36,13,25,7,18,25,6,22,7,14,5,8,14,2,12,2,4,1,2,23,999,12,7,15,999,8,4.22,1.62,7.67,3.4,5.3,1.85,4.22,3.2,3.3,4.4,13.9,,3.2,3.3,4.4,13.9,17.4,7.3,,2.1,1.3,4.1,,1.3,2.1,1.3,4.1,,4.8,,1.3,8.5,6.9,4.4,2.5,,,10.9,11.3,11.8,10.4,,2.8,1.7,2.2,0.7,,6.3,0.9,,2.1,2.2,2.9,3.2,4.3,3.8,2.8,,9,1,3.5,8.6,2.5,2.4,0.7,1.5,1.3,1.1,,,1,3.5,2,2.5,,2.6,2.8,2.6,1.8,,9,,,6.6,,2.4,79,65,87,73,,79,65,87,73,75,73,,68,43,68,,43,68,43,68,,80,,43,70,58,54,61,,,64,59,62,61,,69,41,43,33,,48,45,,53,55,41,46,61,63,47,,50,50,69,54,61,48,65,75,63,53,,,50,69,67,61,,42,55,64,44,,50,,,51,,48,0.5,0.5,2.7,4.2,1.9,0.3,1.6,1.5,5.6,7.4,28,7.4,4.3,8.6,0.5,2.8,1.2,15,40,23,10,40,20,35,25,35,35,15,25,25,30,25,15,5,60,25,25,25,30,30,45,15,10,30,10,20,20,15,90,80,85,95,60,75,15,10,0,0,0,30,50,20,0,0,0,40,45,10,5,0,0,50,45,5,0,0,0,10,50,40,0,0,0,2,2,2,2,2
4,26.2,6.3,26.1,7.8,14.5,4.6,9.9,79,69,72,52,58,66,55,32,9,35,13,23,7,17,27,7,26,8,13,5,9,19,3,8,2,8,1,4,20,8,999,999,11,999,8,4.38,1.97,6.73,3.27,4.86,1.73,4,3.4,3.7,4.4,14.7,,3.4,3.7,4.4,14.7,18.1,8.1,,2.3,1.5,4,,1.5,2.3,1.5,4,,4.8,,1.5,9.2,8.3,5.8,2.8,,,12.4,13.7,13.9,12.3,,2.8,1.9,2.2,1,,6.7,1.1,,2.4,2.5,2.9,3.9,4.2,4.1,3,,9.9,1.1,3.6,9.5,2.5,2.5,0.6,1.3,1.6,1.2,,,1.1,3.6,2.1,2.5,,3.4,2.9,2.6,1.8,,9.9,,,7.4,,2.5,85,74,88,77,,85,74,88,77,79,81,,75,48,67,,48,75,48,67,,80,,48,77,69,73,70,,,73,72,73,72,,69,48,43,48,,52,53,,60,61,41,56,59,68,50,,55,53,71,59,63,50,55,65,78,60,,,53,71,70,63,,56,57,64,45,,55,,,57,,50,0.4,0.7,2,3.4,2.4,0.8,1.6,1.1,7.2,5.4,22.7,9.4,10.7,8.9,0.6,2.4,1.3,20,33.6,25,30,50,35,45,30,35,30,20,20,30,25,15,25,5,30,0,30,25,45,30,60,20,30,5,5,10,10,5,95,70,95,90,55,60,35,5,0,0,0,30,40,15,15,0,0,55,40,5,0,0,0,70,20,10,0,0,0,10,45,40,5,0,0,1,1,2,1,1
3,25.8,6.7,24.7,6.8,15.7,5.1,10.7,78,74,69,45,63,72,59,33,9,35,12,22,7,16,26,7,25,7,17,5,12,19,3,13,2,5,1,4,999,8,24,4,21,5,14,4.19,1.57,6.27,3.21,4.86,1.61,3.72,3.1,3.8,4.6,14.3,,3.1,3.8,4.6,14.3,18.1,7.7,,2.3,1.7,4.4,,1.7,2.3,1.7,4.4,,5,,1.7,8.2,8.6,5.3,2.7,,,11.6,13.1,13.4,11.4,,2.6,1.4,1.9,1,,5.7,1.1,,2.2,2.3,2.3,4.1,4.6,4.4,3.5,,10.7,1.1,4,10.1,2.9,2.8,0.8,1.5,1.6,1.3,,,1.1,4,2.2,2.9,,3.3,3.2,2.9,2.2,,10.7,,,7.9,,2.8,78,75,92,75,,78,75,92,75,78,77,,77,57,72,,57,77,57,72,,82,,57,68,72,66,66,,,68,69,70,67,,64,34,38,48,,43,55,,54,58,33,59,66,73,57,,59,53,80,63,73,55,80,73,78,63,,,53,80,72,73,,55,63,71,55,,59,,,61,,55,0.7,0.5,2.1,4.2,2.3,0.8,1.5,2.1,5.6,5.7,27.7,9,11.4,8.1,0.5,3,1,16.7,42.1,20,30,60,25,35,35,35,50,10,25,25,25,30,35,0,45,0,30,35,30,25,45,15,15,20,5,5,5,5,100,70,95,95,70,70,30,0,0,0,0,45,25,30,0,0,0,55,40,5,0,0,0,60,35,5,0,0,0,25,45,25,5,0,0,2,2,2,3,2
1,26.7,6.3,23.9,7.7,16,5.3,10.7,81,69,66,51,64,76,59,32,8,34,13,23,7,16,29,7,24,9,16,5,11,11,2,11,1,6,3,2,999,7,999,9,999,999,8,5.09,1.65,6.6,3.53,4.43,1.13,3.67,3.3,3.9,4.5,15.1,,3.3,3.9,4.5,15.1,18.6,8.1,,2.3,1.3,4,,1.3,2.3,1.3,4,,5,,1.3,8.3,8,5.2,2.5,,,11,12.9,13.2,10.7,,2.9,2,2,0.9,,6.7,1,,2.5,2.2,3.1,4,4.9,4.3,3.6,,10.7,1.3,4.1,10.2,3,2.8,0.8,1.5,1.6,1.6,,,1.3,4.1,2.4,3,,3.3,3.4,2.8,2,,10.7,,,7.9,,2.8,81,78,89,79,,81,78,89,79,81,81,,75,43,67,,43,75,43,67,,82,,43,69,66,64,61,,,65,68,69,63,,71,49,39,45,,52,48,,61,54,44,57,69,72,59,,59,63,81,64,74,56,75,73,78,78,,,63,81,78,74,,54,68,69,50,,59,,,60,,56,0.5,0.6,2.7,3.7,2.1,0.6,1.5,1.5,6.1,7.5,24.3,8.2,7.9,8.3,0.6,2.4,1,18.3,33.6,19,35,60,30,50,40,45,50,20,15,15,15,30,30,0,35,5,35,30,25,25,45,10,20,20,5,5,0,5,100,80,100,90,70,70,30,0,0,0,0,30,50,20,0,0,0,65,35,0,0,0,0,70,20,10,0,0,0,25,45,30,0,0,0,3,1,2,1,1
3,23.4,6,21.8,6.3,12.8,4.3,8.5,71,66,61,42,51,61,47,32,9,29,13,22,7,17,24,6,23,6,13,5,9,15,3,11,2,4,1,2,26,6,999,999,16,5,999,5.27,1.47,5.75,3.1,5.4,1.55,4.26,3,2.9,4.5,13,,3,2.9,4.5,13,16.5,6.9,,2.1,1.4,3.9,,1.4,2.1,1.4,3.9,,4.6,,1.4,7.7,6.9,4.6,2.8,,,10.4,11.5,11.3,10.5,,2.4,1.6,1.8,0.6,,5.5,0.8,,1.9,1.9,2.5,3.6,3.8,3.5,2.7,,8.5,1,3.3,8.3,2.3,2.2,0.5,1.3,1.5,1.1,,,1,3.3,2,2.3,,3.1,2.6,2,1.6,,8.5,,,6.3,,2.2,75,58,89,68,,75,58,89,68,72,69,,70,45,64,,45,70,45,64,,77,,45,64,57,57,69,,,61,60,59,62,,60,40,35,28,,42,40,,48,48,36,51,54,58,45,,47,50,65,52,56,44,45,63,73,55,,,50,65,67,56,,52,51,50,40,,47,,,48,,44,0.7,0.8,2.2,4.5,3.4,0.9,2.5,2,8.9,6,29.7,13.4,12.9,13.6,0.8,3.1,1.4,25,43.6,27,15,35,0,25,20,20,20,10,35,45,30,25,30,15,40,10,25,30,30,35,40,35,20,30,15,25,15,25,95,55,95,100,65,75,20,5,0,0,0,25,30,35,10,0,0,40,55,5,0,0,0,60,40,0,0,0,0,35,30,25,10,0,0,2,2,3,3,2
2,26.9,6.6,26.5,7.8,14,4.6,9.4,81,73,74,52,56,66,52,31,9,35,12,23,7,16,28,7,28,7,15,5,10,21,2,11,4,5,2,3,28,7,32,7,16,999,10,3.39,1.57,5.98,2.53,4.32,1.35,3.31,3.4,4.1,4.7,14.8,,3.4,4.1,4.7,14.8,18.6,8.3,,2.4,1.5,4.3,,1.5,2.4,1.5,4.3,,5.2,,1.5,9.2,8.6,5.9,2.9,,,12.9,13.6,13.7,12.9,,3,2.1,2,0.7,,6.9,0.9,,2.4,2.3,3.2,3.6,4.3,4.1,2.7,,9.4,0.8,3.8,8.7,2.7,2.7,0.7,1.1,1.5,1.4,,,0.8,3.8,2,2.7,,2.9,3.2,2.6,1.3,,9.4,,,6.7,,2.7,85,81,93,78,,85,81,93,78,81,83,,78,48,71,,48,78,48,71,,86,,48,76,71,74,73,,,76,72,72,76,,74,53,40,35,,53,43,,59,56,45,51,61,68,45,,52,40,76,54,66,53,65,55,73,70,,,40,76,65,66,,48,64,65,33,,52,,,52,,53,0.4,0.8,1.6,3.6,2.8,0.9,1.9,1.1,8.3,4.3,24,11,12.9,10.3,0.8,2.3,1.1,25,32.1,22,30,65,30,35,15,30,25,30,15,30,45,45,25,5,30,15,35,20,25,40,60,10,5,5,0,15,5,10,100,50,100,95,50,65,35,0,0,0,0,25,25,35,15,0,0,35,65,0,0,0,0,60,35,5,0,0,0,10,40,45,5,0,0,1,2,1,2,1
3,25.7,6.2,23.6,6.7,14.5,4.5,10,78,68,66,44,58,64,56,32,9,33,12,22,7,16,27,7,24,8,15,5,10,15,2,13,0,6,1,4,27,7,28,8,15,6,13,4.9,1.69,6.42,3.05,4.54,1.73,3.54,3.2,3.9,4.5,14.2,,3.2,3.9,4.5,14.2,17.9,7.8,,2.2,1,4,,1,2.2,1,4,,5.2,,1,8.7,7.4,5.1,2.5,,,11.2,12.5,12.3,11.4,,2.4,1.8,1.5,1,,5.9,0.8,,1.7,2.1,2.9,4.1,4.3,3.8,3.1,,10,1,3.5,9.5,2.6,2.5,0.7,1.3,1.4,1.2,,,1,3.5,1.9,2.6,,3.4,3,2.5,1.9,,10,,,7.6,,2.5,80,77,89,74,,80,77,89,74,78,78,,72,32,67,,32,72,32,67,,87,,32,73,61,64,61,,,66,66,64,67,,60,45,30,48,,45,40,,41,53,41,58,61,63,51,,56,50,70,59,65,49,65,65,68,60,,,50,70,63,65,,57,59,61,46,,56,,,58,,49,0.7,0.9,2.3,3.7,2.9,0.9,2,2,9.4,6.4,24.3,11.4,12.1,11.1,0.9,2.3,1.4,28.3,32.9,27,25,50,25,25,30,40,40,35,15,20,50,35,20,15,15,20,30,10,20,25,35,25,15,25,15,15,15,10,100,85,85,100,60,70,30,0,0,0,0,45,40,10,5,0,0,60,25,15,0,0,0,75,25,0,0,0,0,35,25,40,0,0,0,3,3,3,2,2
1,25.3,6.3,24.8,7.9,14.5,4.8,9.7,77,69,69,52,58,69,54,30,9,34,12,23,7,17,26,7,27,9,15,5,9,16,1,10,1,7,2,5,29,8,999,6,15,999,9,4.29,2.1,5.85,3.17,4.12,1.44,3.44,3.1,4.1,4.4,13.7,,3.1,4.1,4.4,13.7,17.5,7.8,,2.1,1.3,4.2,,1.3,2.1,1.3,4.2,,5,,1.3,8.5,8.4,5.4,2.6,,,11.4,13.5,13.1,11.7,,3.1,1.9,2,1,,7.1,0.8,,2.1,2.2,3.6,4.1,4.2,3.9,3.2,,9.7,1.1,3.8,9,2.8,2.8,0.7,1.4,1.5,1.3,,,1.1,3.8,2,2.8,,3.4,2.8,2.4,1.9,,9.7,,,7,,2.8,76,82,88,72,,76,82,88,72,76,78,,68,43,70,,43,68,43,70,,83,,43,70,70,68,65,,,67,71,69,69,,78,46,39,48,,54,40,,53,54,51,59,59,64,52,,54,53,75,56,70,55,70,68,75,63,,,53,75,67,70,,57,56,59,48,,54,,,53,,55,0.8,1,1.9,3.5,2.2,0.6,1.6,2.4,11.1,5.3,23,8.6,7.9,8.9,1,2,1.1,31.7,28.6,22,15,60,20,55,25,35,30,35,0,40,30,40,25,20,30,15,30,10,30,30,50,20,25,10,5,5,10,0,100,70,90,100,70,65,35,0,0,0,0,10,60,30,0,0,0,65,25,5,5,0,0,50,50,0,0,0,0,20,50,30,0,0,0,2,2,1,2,2
3,24.7,5.7,22.2,6.7,13.5,4.2,9.3,75,63,62,44,54,59,52,33,8,34,13,21,7,16,25,6,22,6,14,4,9,17,2,11,1,6,1,3,999,6,24,6,13,5,999,4.68,1.72,6.41,3.59,4.32,1.69,3.45,3.3,3.7,4.2,13.5,,3.3,3.7,4.2,13.5,17.3,7.4,,1.9,1,3.9,,1,1.9,1,3.9,,4.7,,1,7.6,7.6,4.5,2.5,,,10.9,11.3,12.1,10.1,,2.1,1.5,2.3,0.9,,5.8,0.9,,2.2,2,2.5,3.4,3.9,3.8,3.1,,9.3,1,3.2,8.7,2.3,2.5,0.4,1,1.4,1.4,,,1,3.2,1.9,2.3,,3,2.9,2.5,1.7,,9.3,,,6.9,,2.5,83,73,84,71,,83,73,84,71,75,74,,62,33,64,,33,62,33,64,,78,,33,63,63,56,61,,,64,59,63,59,,51,38,45,43,,45,43,,55,49,36,48,55,63,52,,52,50,63,54,58,49,40,50,68,70,,,50,63,62,58,,49,57,61,43,,52,,,53,,49,1,0.5,2.6,4.5,2.8,1.2,1.7,2.9,5.6,7.2,29.7,11.2,16.4,9.2,0.5,2.8,1.2,15,40,24,15,30,15,25,15,20,30,20,40,10,35,35,25,15,35,5,55,25,35,35,50,30,25,20,15,15,20,5,100,60,100,95,70,75,25,0,0,0,0,35,25,35,5,0,0,50,50,0,0,0,0,70,25,5,0,0,0,10,60,25,5,0,0,2,2,2,2,2
3,24.5,5.7,21.7,6.1,12.8,4.3,8.5,74,63,60,40,51,61,47,30,9,35,13,23,7,16,25,6,22,5,12,4,8,13,2,11,1,3,2,1,999,6,27,4,12,999,999,4.22,1.92,6.47,3.39,4.74,1.52,3.56,3.2,3.6,4.3,13.5,,3.2,3.6,4.3,13.5,17.6,6.9,,2.2,1.1,3.5,,1.1,2.2,1.1,3.5,,4.7,,1.1,7.6,7.5,4.1,2.6,,,9.9,11.9,12,9.7,,2.5,1.4,1.5,0.8,,5.4,0.7,,1.9,1.8,2.4,3.4,3.5,3.7,2.8,,8.5,1,3.3,8.2,2.4,2.3,0.7,1.2,1.3,1.2,,,1,3.3,1.9,2.4,,2.8,2.4,2.5,1.6,,8.5,,,6.3,,2.3,79,72,85,71,,79,72,85,71,76,69,,73,35,58,,35,73,35,58,,77,,35,63,62,51,64,,,58,62,63,57,,61,35,29,38,,42,33,,46,45,34,49,50,62,46,,47,48,66,51,59,45,65,58,63,60,,,48,66,63,59,,46,47,61,39,,47,,,48,,45,1.2,0.1,2.6,4.4,2.5,0.6,1.9,3.6,1.1,7.1,29,9.8,8.6,10.3,0.1,3,1.5,3.3,42.1,29,5,35,10,25,15,25,20,35,30,20,20,20,20,10,35,10,45,45,50,40,65,25,25,25,10,15,15,5,95,70,95,95,60,70,25,5,0,0,0,35,35,30,0,0,0,25,70,5,0,0,0,50,45,5,0,0,0,10,50,30,10,0,0,2,2,1,2,2
3,23.7,5.5,23.9,6.7,13.4,4.5,8.9,72,61,66,45,54,64,49,31,9,34,12,21,7,15,26,6,25,8,14,5,9,10,2,9,0,4,1,2,30,6,26,9,19,999,999,6.35,2.01,7.31,4.16,6.04,2.04,4.39,2.9,3.7,4.2,13,,2.9,3.7,4.2,13,16.4,7.3,,2.1,1,3.5,,1,2.1,1,3.5,,4.5,,1,8.7,7.8,5,2.5,,,11.5,12.4,12.7,11.2,,2.4,1.7,1.8,0.9,,6,0.8,,1.9,2.1,2.8,3.3,3.8,4,2.9,,8.9,0.8,3.7,8.8,2.8,1.9,0.6,1.3,1.5,1.2,,,0.8,3.7,1.8,2.8,,2.8,2.5,2.5,1.8,,8.9,,,7,,1.9,73,73,83,68,,73,73,83,68,71,73,,68,33,58,,33,68,33,58,,75,,33,72,65,63,61,,,68,65,67,66,,60,43,35,43,,46,38,,46,53,39,47,54,67,48,,49,40,74,55,69,38,55,65,75,58,,,40,74,58,69,,46,50,63,44,,49,,,54,,38,1.5,0.3,2.2,3.9,3,0.7,2.3,4.5,2.8,6,26,11.8,10,12.5,0.3,2.7,1.9,8.3,38.6,37,20,30,25,50,35,40,40,25,25,30,15,30,30,5,25,15,25,5,5,5,40,30,30,20,30,30,25,15,100,60,80,85,60,65,35,0,0,0,0,20,40,35,5,0,0,45,35,20,0,0,0,60,25,15,0,0,0,25,35,35,5,0,0,1,2,2,3,2
1,24.7,5.8,23.4,7,13.5,4.6,9,75,64,65,47,54,65,50,32,9,34,14,24,7,18,25,6,25,7,14,5,9,12,2,3,1,4,1,2,24,6,27,999,14,5,9,4.7,1.85,7.34,3.43,5.37,1.64,4.11,3,3.6,4.3,13.9,,3,3.6,4.3,13.9,17.4,7.4,,2.3,1.1,3.5,,1.1,2.3,1.1,3.5,,4.7,,1.1,8.2,7.1,5.3,2.8,,,11.3,12.1,11.9,11.5,,2.6,2.1,1.7,0.7,,6.5,0.6,,2.2,2.1,2.7,3.8,4.2,3.2,3.2,,9,1.1,3.5,8.6,2.5,2.5,0.7,1.3,1.3,1.3,,,1.1,3.5,2.1,2.5,,3.1,2.9,1.9,1.9,,9,,,6.5,,2.5,75,71,86,73,,75,71,86,73,75,74,,77,37,58,,37,77,37,58,,78,,37,68,59,66,70,,,66,64,62,68,,64,53,34,33,,50,28,,55,53,39,54,59,53,53,,50,53,70,54,61,49,70,65,63,65,,,53,70,70,61,,51,57,48,46,,50,,,50,,49,1.1,0.4,2.1,4,2.8,0.9,1.9,3.2,3.9,5.8,26.7,11,12.1,10.6,0.3,2.6,1.2,8.3,37.1,23,10,35,10,20,20,25,30,25,25,40,60,40,40,25,50,20,35,5,15,20,25,15,20,15,15,25,15,20,100,80,90,95,65,75,25,0,0,0,0,30,50,15,5,0,0,50,40,10,0,0,0,55,40,5,0,0,0,10,55,30,5,0,0,2,2,2,2,2
3,25.5,5.8,25.2,7.7,14.1,4.5,9.6,77,64,70,51,56,64,53,32,9,32,14,21,7,15,26,6,27,8,15,5,10,16,3,11,1,2,0,2,29,999,28,6,999,4,10,4.25,1.74,6.27,3.18,4.49,1.67,3.45,3.3,3.7,4.5,14,,3.3,3.7,4.5,14,18,7.5,,1.8,1.2,4.1,,1.2,1.8,1.2,4.1,,4.6,,1.2,9,7.9,5.7,2.6,,,11.9,13.3,13.2,12,,2.8,2.3,1.8,0.9,,6.7,1.1,,2.4,2.5,2.8,3.7,4,4,3.1,,9.6,1.1,3.4,8.9,2.4,2.9,0.6,1.3,1.3,1.3,,,1.1,3.4,2.1,2.4,,3.1,2.8,2.7,1.8,,9.6,,,6.8,,2.9,83,74,90,73,,83,74,90,73,78,75,,58,40,68,,40,58,40,68,,77,,40,75,66,71,65,,,70,70,69,71,,69,56,36,45,,51,53,,60,63,40,53,57,67,51,,53,53,68,55,59,57,60,63,65,65,,,53,68,70,59,,52,55,68,44,,53,,,52,,57,1.3,0.2,1.8,3.5,2.4,1.1,1.4,3.8,2.2,4.9,23.3,9.6,15,7.5,0.2,2.5,1,5,35,19,15,35,25,45,25,25,20,25,20,45,35,35,25,0,40,20,15,15,30,40,70,20,25,15,5,10,10,10,100,85,100,100,75,80,20,0,0,0,0,35,50,15,0,0,0,35,65,0,0,0,0,70,30,0,0,0,0,20,55,15,10,0,0,3,2,4,2,2
4,27.2,6.2,24.6,7.2,14.9,4.6,10.3,82,69,68,48,59,65,57,32,9,34,14,23,7,18,28,7,26,8,15,5,10,18,1,12,3,8,1,6,26,7,999,8,999,6,7,3.86,1.91,6.46,2.89,4.28,1.73,3.15,3.5,4,4.7,15.1,,3.5,4,4.7,15.1,18.9,8.3,,2.2,1.2,4,,1.2,2.2,1.2,4,,5.1,,1.2,8.5,8.1,5.2,2.9,,,11.9,12.7,12.9,11.7,,2.7,2,1.6,0.9,,6.1,1.1,,1.8,2.4,3,3.8,4.7,4.1,3,,10.3,1.1,3.5,9.7,2.6,2.6,0.6,1.5,1.4,1.1,,,1.1,3.5,2,2.6,,3.2,3.2,2.7,1.9,,10.3,,,7.7,,2.6,86,79,93,79,,86,79,93,79,82,83,,73,38,67,,38,73,38,67,,84,,38,71,67,64,71,,,70,67,68,69,,68,50,32,43,,47,55,,45,59,43,54,66,68,49,,57,53,70,60,65,52,55,75,70,55,,,53,70,65,65,,53,63,68,46,,57,,,59,,52,0.8,0.3,1.5,3.4,2,0.6,1.4,2.3,2.8,4.2,22.3,7.8,8.6,7.5,0.2,2.4,1.3,6.7,34.3,25,30,55,35,20,35,40,40,25,15,20,50,20,15,15,35,10,30,30,40,35,45,10,20,15,0,5,10,0,100,75,80,100,65,60,40,0,0,0,0,35,40,20,5,0,0,55,25,20,0,0,0,55,45,0,0,0,0,0,65,30,5,0,0,2,2,1,2,2
3,23.8,5.9,22.6,6.3,13.5,4.9,8.6,72,66,63,42,54,70,48,29,8,34,13,19,7,13,26,6,23,7,13,5,9,13,3,14,1,7,2,3,27,6,999,8,999,4,11,4.56,1.41,5.32,2.77,3.8,1.29,2.86,2.9,3.5,4.4,13.1,,2.9,3.5,4.4,13.1,17,6.8,,2.3,1.3,3.6,,1.3,2.3,1.3,3.6,,4.6,,1.3,8.5,7.5,4.4,2.3,,,11.1,11.5,11.9,10.7,,2.7,1.5,1.7,0.5,,5.8,0.6,,2,2,2.3,3.4,4.1,4,2.6,,8.6,1,4,8.4,2.6,2.5,0.5,1.4,1.6,1.5,,,1,4,2.4,2.6,,2.9,2.7,2.5,1.1,,8.6,,,6.1,,2.5,71,69,88,69,,71,69,88,69,74,68,,77,43,60,,43,77,43,60,,77,,43,70,62,55,56,,,65,60,62,63,,68,36,34,23,,44,28,,50,50,33,48,58,67,42,,48,48,79,53,64,50,50,68,78,75,,,48,79,78,64,,47,54,61,26,,48,,,47,,50,1.5,0.3,1.9,4.4,2.6,0.9,1.8,4.4,3.3,5.3,29,10.4,12.1,9.7,0.3,3.1,1.1,8.3,43.6,22,0,35,5,10,15,30,15,35,40,35,60,30,25,10,35,0,35,15,45,40,65,30,25,25,15,10,5,10,90,65,95,100,65,65,25,10,0,0,0,30,35,30,5,0,0,65,30,5,0,0,0,75,25,0,0,0,0,30,35,30,5,0,0,2,2,2,2,2
1,23.8,6.2,23.5,5.5,13.2,4.7,8.5,72,68,65,37,53,67,47,31,9,33,12,22,7,15,24,6,23,5,13,5,8,11,4,13,1,5,2,2,26,5,999,5,12,6,999,4.69,1.57,5.27,3.2,4.29,1.38,3.38,3.2,3.2,4.3,13.1,,3.2,3.2,4.3,13.1,16.2,7.6,,2.3,1.2,3.9,,1.2,2.3,1.2,3.9,,5,,1.2,8.4,8,4.6,2.6,,,11,12.5,12.7,10.9,,2.5,1.3,1.4,0.4,,4.8,0.8,,1.8,2,1.8,3.2,4,3.7,2.9,,8.5,0.9,3.8,8.5,2.5,2.3,0.7,1.2,1.5,1.4,,,0.9,3.8,2.3,2.5,,2.6,2.8,2.2,1.5,,8.5,,,6.2,,2.3,80,64,85,69,,80,64,85,69,70,76,,77,38,64,,38,77,38,64,,83,,38,70,66,58,65,,,65,66,67,64,,61,31,28,20,,37,38,,45,49,25,46,56,61,48,,47,45,76,53,61,46,65,60,73,70,,,45,76,75,61,,43,55,55,38,,47,,,48,,46,1.6,0.3,1.8,4.2,2.9,1,2,4.8,2.8,5,28,11.6,13.6,10.8,0.2,3.2,1.4,6.7,45,28,10,40,15,20,20,40,20,15,20,30,15,20,10,20,45,25,45,50,50,45,55,30,15,10,15,10,5,5,95,85,95,100,80,60,35,5,0,0,0,30,55,15,0,0,0,60,35,5,0,0,0,60,40,0,0,0,0,35,45,20,0,0,0,2,2,3,3,3
3,24.8,6.6,22.6,6,13.6,4.3,9.4,75,73,63,40,54,61,52,33,9,32,12,22,7,17,25,7,23,6,14,4,9,14,3,10,1,4,1,3,27,7,20,8,10,4,9,4.53,1.43,5.81,2.81,4.56,1.59,3.53,3,3.6,4.5,13.9,,3,3.6,4.5,13.9,17,7.8,,2.5,1.5,4.2,,1.5,2.5,1.5,4.2,,5.1,,1.5,8.5,7.7,4.1,2.4,,,11.5,11.2,12.1,10.5,,2.4,1.6,1.5,0.6,,5.4,0.7,,1.7,2,2.4,3.7,3.9,3.7,3,,9.4,0.9,3.4,9.2,2.2,2.2,0.5,1.1,1.4,1.4,,,0.9,3.4,2.1,2.2,,3.2,2.9,2.4,1.6,,9.4,,,7.2,,2.2,74,71,89,73,,74,71,89,73,74,78,,82,50,69,,50,82,50,69,,85,,50,71,64,51,59,,,67,59,64,62,,59,40,29,30,,41,33,,41,50,34,52,56,62,49,,52,45,67,58,55,44,50,53,68,68,,,45,67,68,55,,53,57,59,40,,52,,,55,,44,1.3,0.2,1.9,4.1,3.1,1,2.1,3.8,1.7,5.1,27,12.4,14.3,11.7,0.1,2.9,1.5,3.3,40.7,30,15,70,10,15,20,25,25,30,10,35,45,30,20,25,35,10,35,30,45,40,45,20,10,20,10,5,15,5,95,65,90,100,70,65,30,5,0,0,0,20,45,25,10,0,0,55,35,10,0,0,0,55,45,0,0,0,0,30,40,30,0,0,0,2,2,1,3,1
2,24.2,6.2,20.6,6,13.6,4.2,9.4,73,69,57,40,54,59,52,30,8,33,10,23,7,16,25,7,23,7,14,4,10,9,3,7,1,5,1,4,28,7,999,7,14,5,999,5.28,1.2,6.92,3.02,4.59,1.57,3.3,3.1,3.5,4.2,13.4,,3.1,3.5,4.2,13.4,17.5,6.7,,2.2,1.1,4.1,,1.1,2.2,1.1,4.1,,5.1,,1.1,7.2,7.1,4,2.4,,,9.7,10.9,10.9,9.7,,2.3,1.4,1.7,0.6,,5.2,0.8,,2.1,1.8,2.1,4.1,3.7,3.8,2.9,,9.4,1,3.2,9.1,2.2,2.3,0.6,1.1,1.4,1.2,,,1,3.2,2,2.2,,3.5,2.6,2.4,1.8,,9.4,,,7.1,,2.3,76,70,84,71,,76,70,84,71,76,67,,72,37,68,,37,72,37,68,,85,,37,60,59,49,60,,,57,57,57,57,,58,34,34,30,,40,40,,51,45,30,58,52,63,48,,52,48,64,57,54,46,55,55,68,58,,,48,64,67,54,,58,51,60,44,,52,,,55,,46,1.2,0.2,2.7,3.9,2.8,1.2,1.7,3.6,2.2,7.5,26,11.2,16.4,9.2,0.2,2.7,1.3,5,38.6,25,5,50,5,20,15,20,25,40,30,30,45,45,25,10,30,10,35,15,25,40,60,25,10,30,20,15,15,5,100,65,90,100,70,70,30,0,0,0,0,35,30,30,5,0,0,45,45,10,0,0,0,75,25,0,0,0,0,25,45,20,10,0,0,3,1,2,3,2
2,25,5.8,23.2,7,12.6,4.1,8.5,76,64,64,46,50,59,47,31,9,32,14,21,7,14,26,6,24,7,13,5,8,18,3,10,2,4,0,3,27,6,999,9,15,5,8,3.66,1.71,7.28,3.1,3.9,1.8,2.86,3.4,3.4,4.4,13.8,,3.4,3.4,4.4,13.8,17.2,7.8,,2,1.1,3.8,,1.1,2,1.1,3.8,,4.7,,1.1,7.8,7.9,5,2.6,,,10.8,12.4,12.5,10.7,,2.8,1.7,1.8,0.7,,6.2,0.8,,1.9,2.1,3,2.9,4.3,3.6,2.3,,8.5,0.9,3.2,8.3,2.1,2.2,0.5,1.3,1.1,1.3,,,0.9,3.2,2,2.1,,2.4,3,2.5,1,,8.5,,,6.3,,2.2,85,67,88,73,,85,67,88,73,75,78,,67,35,62,,35,67,35,62,,78,,35,65,65,63,64,,,63,65,66,63,,69,43,36,35,,47,40,,46,53,43,41,61,59,38,,47,45,64,52,53,44,50,63,55,63,,,45,64,67,53,,40,60,61,25,,47,,,48,,44,1.1,0.2,1.5,3.4,3,1.3,1.8,3.3,1.7,4.2,22.3,12,17.9,9.7,0.2,2.2,1.3,5,31.4,25,10,25,25,35,10,15,15,35,35,15,30,35,40,10,35,20,40,30,40,30,65,20,20,20,5,15,15,10,100,55,90,90,55,70,30,0,0,0,0,20,35,40,5,0,0,35,55,5,5,0,0,65,25,10,0,0,0,15,40,40,5,0,0,2,1,1,2,1
2,25.3,5.4,22.6,7.5,14.2,4.4,9.8,77,59,63,50,57,62,54,32,9,33,14,20,7,15,25,7,23,8,16,4,11,19,1,9,2,5,2,3,20,7,999,9,16,4,13,4.38,2.6,6.29,3.41,4.02,1.27,3.38,3,3.6,4.4,14.3,,3,3.6,4.4,14.3,18,7.3,,2,1.2,3.4,,1.2,2,1.2,3.4,,4.2,,1.2,8.2,7,5,2.5,,,11.2,11.4,12,10.6,,2.8,1.9,2.2,0.7,,6.6,1,,2.2,2.3,3.1,3.8,3.9,4,3.2,,9.8,0.9,3.5,9.2,2.3,2.7,0.6,1.1,1.5,1.3,,,0.9,3.5,2.1,2.3,,3.3,2.8,2.6,1.9,,9.8,,,7.2,,2.7,74,72,88,75,,74,72,88,75,78,73,,65,38,57,,38,65,38,57,,70,,38,68,58,63,61,,,66,60,63,62,,69,46,44,35,,50,48,,54,56,44,54,56,67,52,,54,45,69,58,58,53,55,55,73,63,,,45,69,68,58,,54,56,64,48,,54,,,55,,53,1.1,0.2,1.9,3.1,2.6,1,1.7,3.3,1.7,5.3,20.7,10.4,13.6,9.2,0.2,2.1,1.3,5,30,25,20,50,15,45,25,15,35,20,10,25,20,35,30,10,35,5,40,30,35,45,50,25,35,20,5,5,10,5,95,75,80,100,60,70,25,5,0,0,0,30,45,25,0,0,0,35,45,20,0,0,0,65,35,0,0,0,0,20,40,35,5,0,0,2,3,3,2,2
4,23.3,5.4,23.5,6.5,12.8,4.2,8.7,70,59,65,43,51,59,48,30,8,35,15,23,7,17,24,5,24,6,12,5,8,11,2,10,0,3,1,1,999,999,21,6,10,5,5,5.4,1.9,6.04,3.62,5.79,1.69,4.51,2.9,3.5,4.1,12.8,,2.9,3.5,4.1,12.8,15.8,7.5,,1.7,0.9,3.7,,0.9,1.7,0.9,3.7,,4.5,,0.9,8.6,8,4.6,2.4,,,10.9,12.6,12.7,10.8,,2.8,2,1.2,0.6,,6,0.5,,1.8,1.9,2.8,3.6,3.3,3.7,2.8,,8.7,0.9,3.3,8.2,2.1,2.6,0.7,1.1,1.3,1.1,,,0.9,3.3,2.1,2.1,,2.9,2.3,2.4,1.7,,8.7,,,6.1,,2.6,73,70,82,67,,73,70,82,67,68,75,,57,30,61,,30,57,30,61,,74,,30,72,66,58,59,,,64,66,67,64,,69,49,24,28,,46,25,,44,48,40,51,47,62,47,,48,43,66,51,51,51,70,53,65,55,,,43,66,70,51,,48,45,60,43,,48,,,47,,51,0.8,0.1,2.4,3.5,3.1,1.2,1.9,2.4,0.6,6.7,23.3,12.2,17.1,10.3,0.1,2.1,1.4,1.7,30,27,10,35,15,25,25,20,30,20,10,30,40,10,30,10,35,20,40,20,45,30,50,35,35,15,15,20,20,10,95,80,90,100,80,70,25,5,0,0,0,35,45,20,0,0,0,50,40,10,0,0,0,60,40,0,0,0,0,15,65,20,0,0,0,2,1,1,3,2
3,23.2,5.6,20.2,4.8,11.8,3.8,8,70,62,56,32,47,54,44,33,9,32,11,21,7,15,23,6,20,4,12,4,8,13,2,9,0,1,0,1,999,4,20,4,12,999,999,5.63,1.85,6.37,2.69,5.39,1.99,3.93,2.8,3,4.4,13.1,,2.8,3,4.4,13.1,16.2,7.1,,2,1.2,3.6,,1.2,2,1.2,3.6,,4.4,,1.2,6.9,7,4.2,2.3,,,9.5,10.8,10.7,9.6,,2.3,0.8,1.4,0.3,,4.4,0.4,,1.6,1.3,1.9,3.1,3.5,3.2,2.7,,8,0.8,3,7.7,2.1,2.1,0.5,1,1.1,1.3,,,0.8,3,1.7,2.1,,2.7,2.5,2.1,1.4,,8,,,6,,2.1,70,59,88,69,,70,59,88,69,70,71,,65,38,60,,38,65,38,60,,73,,38,57,58,52,56,,,56,57,56,56,,58,20,27,15,,33,20,,39,33,27,44,49,53,44,,44,40,60,48,53,41,45,48,55,65,,,40,60,57,53,,44,50,53,34,,44,,,46,,41,1.5,0.1,2.9,3.7,3.3,1.1,2.3,4.5,1.1,8.1,24.7,13.2,15,12.5,0,2.7,1.5,0,38.6,30,10,35,10,10,15,25,25,25,15,10,15,20,10,0,20,15,50,60,35,35,60,45,35,30,15,30,30,15,95,55,95,95,65,50,45,5,0,0,0,25,30,45,0,0,0,50,45,5,0,0,0,65,30,5,0,0,0,15,50,30,5,0,0,2,1,1,2,1
3,26,6.4,25.6,8.2,15.5,4.8,10.7,79,71,71,55,62,68,59,31,9,33,14,23,7,17,26,7,26,8,17,5,12,16,4,10,2,6,1,4,999,7,26,7,999,4,10,3.92,1.64,6.07,3.21,4.64,1.59,3.44,3,3.8,4.5,14.8,,3,3.8,4.5,14.8,18,8.1,,2.3,1.7,4.2,,1.7,2.3,1.7,4.2,,4.7,,1.7,9.1,8.2,5.6,2.8,,,12.7,12.9,13.4,12.3,,3.1,2.3,2.1,0.8,,7.3,0.9,,2.4,2.3,3.5,3.8,4.9,4.5,3.1,,10.7,1,3.8,10.1,2.7,2.8,0.6,1.5,1.6,1.2,,,1,3.8,2.1,2.7,,3.2,3.4,2.9,1.9,,10.7,,,8,,2.8,75,76,89,78,,75,76,89,78,78,81,,75,57,69,,57,75,57,69,,78,,57,75,68,70,70,,,75,68,70,72,,76,56,42,40,,56,45,,60,58,50,54,69,74,51,,59,50,75,63,66,55,55,73,78,60,,,50,75,70,66,,53,68,73,46,,59,,,61,,55,0.8,0.1,1.6,2.3,2.1,0.6,1.5,2.3,1.1,4.3,15.3,8.2,7.9,8.3,0.1,1.8,1.2,3.3,25.7,24,25,55,30,45,40,35,50,15,15,45,35,30,20,0,50,10,15,15,20,40,45,10,20,10,5,10,5,5,100,60,90,90,60,80,20,0,0,0,0,20,40,40,0,0,0,35,55,10,0,0,0,75,15,10,0,0,0,25,35,30,10,0,0,2,1,1,3,2
3,24.2,6.2,23,6.7,13.6,4.4,9.2,73,68,64,44,54,62,51,30,9,34,12,23,7,17,25,6,25,7,15,5,10,12,3,10,2,4,2,2,30,7,999,999,999,5,10,4.95,1.81,7.09,3.15,4.86,1.73,3.55,3.2,3.5,4.1,13.5,,3.2,3.5,4.1,13.5,16.4,7.9,,2.1,1.4,4.1,,1.4,2.1,1.4,4.1,,4.8,,1.4,7.8,7.4,5.1,2.8,,,11.4,11.7,11.8,11.3,,2.5,1.9,1.7,0.7,,5.9,0.8,,2,1.9,2.8,3.3,3.9,4.2,2.9,,9.2,1,3.4,8.4,2.4,2.9,0.6,1.3,1.3,1.3,,,1,3.4,2,2.4,,2.8,2.6,3,1.6,,9.2,,,6.4,,2.9,79,69,82,71,,79,69,82,71,71,79,,70,45,68,,45,70,45,68,,80,,45,65,61,63,70,,,67,61,62,66,,61,48,33,33,,45,40,,50,48,39,47,55,70,48,,51,48,68,52,59,57,55,63,63,65,,,48,68,67,59,,46,52,74,39,,51,,,49,,57,1.1,0.2,1.5,3.1,2.4,0.9,1.5,3.3,1.7,4.2,20.3,9.4,12.1,8.3,0.1,2.2,1,3.3,30.7,19,15,45,15,20,15,30,20,25,20,40,45,50,25,10,30,10,25,30,20,25,65,30,25,20,5,15,20,5,100,55,90,95,60,65,35,0,0,0,0,15,40,40,5,0,0,50,40,10,0,0,0,50,45,5,0,0,0,25,35,35,5,0,0,1,2,2,1,2
1,23.9,6.1,22.9,6.7,13.6,4.5,9.1,72,67,63,45,54,64,51,32,9,34,12,22,7,15,25,6,25,7,13,4,9,14,2,10,2,6,3,3,999,999,999,999,12,4,8,5.86,1.99,7.84,3.51,5.2,1.36,4.46,2.7,3.5,4.2,13.6,,2.7,3.5,4.2,13.6,16.9,7.1,,2.2,1.4,3.9,,1.4,2.2,1.4,3.9,,4.7,,1.4,8.2,7.7,5,2.1,,,10.8,12.1,12.2,10.7,,2.5,1.8,1.8,0.7,,6,0.7,,2.1,1.9,2.8,3.6,3.9,4,2.9,,9.1,1,3.5,8.7,2.5,2.4,0.6,1.2,1.6,1.2,,,1,3.5,2,2.5,,3.1,2.7,2.4,1.8,,9.1,,,6.7,,2.4,68,69,84,71,,68,69,84,71,73,71,,72,47,65,,47,72,47,65,,77,,47,68,64,62,51,,,64,63,64,63,,63,45,35,33,,46,35,,51,46,40,51,56,66,48,,51,48,70,54,61,48,55,60,78,58,,,48,70,67,61,,51,54,60,44,,51,,,52,,48,1.3,0.1,1.9,2.5,2.7,0.9,1.9,3.9,0.6,5.1,16.7,10.8,12.1,10.3,0.1,2,1.3,1.7,28.6,26,25,40,25,30,30,20,35,10,20,25,30,15,15,10,35,20,20,25,30,65,30,30,20,30,15,25,0,25,95,90,90,100,75,70,25,5,0,0,0,35,55,10,0,0,0,55,35,10,0,0,0,65,35,0,0,0,0,30,45,20,5,0,0,1,3,2,2,3
1,23.7,5.1,21.5,6.6,13.4,4.5,8.9,72,57,60,44,53,64,49,32,9,35,13,23,7,16,25,5,20,6,13,5,9,12,0,6,2,2,1,1,25,5,999,6,999,5,8,5.64,1.94,8,3.38,4.97,1.67,4.1,3.2,3.2,3.9,13.5,,3.2,3.2,3.9,13.5,16.6,7.2,,1.9,0.8,3.3,,0.8,1.9,0.8,3.3,,4.4,,0.8,7.8,6.9,4.7,2.2,,,10.2,11.3,11.4,10.1,,2.7,1.5,1.8,0.7,,5.8,0.9,,2.2,2,2.5,3.3,3.8,3.8,3.2,,8.9,1.1,3.4,8.8,2.3,2.3,0.5,1.1,1.4,1.5,,,1.1,3.4,2.2,2.3,,2.8,2.7,2.4,1.8,,8.9,,,6.7,,2.3,80,64,77,71,,80,64,77,71,72,72,,62,25,54,,25,62,25,54,,72,,25,65,57,58,55,,,60,59,60,59,,68,38,35,33,,44,43,,54,49,36,46,54,63,53,,49,53,68,55,58,45,50,55,70,73,,,53,68,72,58,,46,54,60,44,,49,,,51,,45,1.5,0.1,1.5,3.1,2.9,0.7,2.2,4.4,1.1,4.2,20.7,11.4,10,11.9,0.1,2.4,1.5,3.3,34.3,30,20,20,20,30,20,20,25,15,15,20,35,25,40,10,35,35,30,20,45,25,50,30,30,30,15,10,15,15,95,65,100,100,60,55,40,5,0,0,0,15,50,25,10,0,0,35,65,0,0,0,0,50,50,0,0,0,0,25,35,35,5,0,0,2,2,1,2,2
1,24.2,5.7,21.7,6.3,15.3,5.1,10.2,73,63,60,42,61,72,57,32,8,32,12,23,7,16,25,7,22,7,15,5,10,10,0,8,0,5,2,3,27,7,999,4,15,5,9,5.37,2.13,7.13,2.84,4.61,1.39,3.72,3.3,3.4,4,13.6,,3.3,3.4,4,13.6,16.5,7.7,,2,1.3,3.7,,1.3,2,1.3,3.7,,4.4,,1.3,7.4,7.2,4.7,2.4,,,10.9,10.8,11.4,10.3,,2.5,1.6,1.5,0.8,,5.4,0.9,,2,2.1,2.2,3.9,4.1,4.5,3.4,,10.2,1.1,4,9.2,3,3.1,0.7,1.3,1.7,1.4,,,1.1,4,2.1,3,,3.3,2.8,2.8,2,,10.2,,,7.2,,3.1,83,67,80,71,,83,67,80,71,72,77,,67,42,61,,42,67,42,61,,73,,42,62,60,59,59,,,64,57,60,61,,61,39,30,38,,42,43,,49,53,31,56,59,74,56,,57,53,80,58,75,61,65,65,85,70,,,53,80,68,75,,54,56,69,49,,57,,,55,,61,1.3,0.1,2.1,3,2.1,0.5,1.6,3.9,0.6,5.8,20,8.4,7.1,8.9,0.1,2.4,1.1,1.7,33.6,21,15,50,20,20,30,40,35,30,10,15,40,40,30,20,30,15,40,30,20,25,30,25,25,25,10,10,5,15,100,80,90,90,60,75,25,0,0,0,0,45,35,15,5,0,0,70,20,10,0,0,0,55,35,10,0,0,0,20,40,35,5,0,0,2,1,2,3,3
3,25.7,5.9,22.9,5.8,13.9,4.4,9.5,78,65,63,38,56,63,53,32,8,36,12,21,7,14,26,6,23,5,13,5,9,17,4,14,1,10,1,6,24,999,24,999,999,999,999,3.54,1.31,5.66,2.67,3.65,1.57,2.87,3,4.1,4.3,14.5,,3,4.1,4.3,14.5,18,7.7,,2.1,1,3.8,,1,2.1,1,3.8,,4.9,,1,7.9,7.9,4.6,2.6,,,10.6,12.3,11.7,11.2,,2.4,1.6,1.4,0.5,,5.1,0.7,,1.9,1.9,2,3.8,3.8,3.9,3.3,,9.5,1,3.5,9.1,2.5,2.4,0.6,1.1,1.4,1.4,,,1,3.5,1.9,2.5,,3.2,2.7,2.5,1.9,,9.5,,,7.2,,2.4,74,81,85,76,,74,81,85,76,78,77,,68,32,63,,32,68,32,63,,82,,32,65,65,58,64,,,62,64,62,66,,59,39,27,25,,39,35,,46,48,29,54,54,64,54,,53,48,69,57,63,47,60,55,68,68,,,48,69,63,63,,53,53,63,48,,53,,,55,,47,1.3,0.1,1.8,3.2,2.3,0.7,1.6,3.9,1.1,5,21.3,9.2,10,8.9,0,2.5,1.3,0,35,26,15,35,15,20,20,20,25,30,25,15,25,25,30,15,50,20,50,45,55,35,60,5,20,20,10,0,15,0,100,75,95,95,65,65,35,0,0,0,0,25,50,20,5,0,0,55,40,5,0,0,0,65,30,5,0,0,0,20,45,30,5,0,0,2,1,2,2,3
2,25.4,6.1,24.9,7.5,14.1,4.3,9.8,77,67,69,50,56,61,54,32,9,35,13,22,7,16,26,6,25,8,14,5,10,17,4,9,2,4,1,3,29,999,999,999,12,6,7,3.77,1.15,6.98,3.25,4.95,1.95,3.43,3.3,4,4.4,13.7,,3.3,4,4.4,13.7,18.2,7.2,,2.2,1.3,3.9,,1.3,2.2,1.3,3.9,,4.8,,1.3,8.2,8.2,5.6,2.9,,,11.9,13.1,13.3,11.6,,2.9,2.2,1.7,0.7,,6.6,0.9,,2.3,2.4,2.9,3.2,4.8,3.5,3.1,,9.8,1.1,3.2,8.9,2.6,2.6,0.6,1.4,1.2,1.2,,,1.1,3.2,1.8,2.6,,2.7,3.4,2.3,1.9,,9.8,,,7.2,,2.6,83,79,88,72,,83,79,88,72,79,72,,73,43,64,,43,73,43,64,,79,,43,68,68,70,73,,,70,69,70,68,,73,55,34,35,,51,45,,56,59,41,46,68,58,51,,54,55,64,56,64,52,55,70,60,58,,,55,64,58,64,,44,67,58,48,,54,,,55,,52,1.3,0.2,1.6,2,2.8,0.8,2,3.9,1.7,4.3,13.3,11,11.4,10.8,0.2,1.5,1.4,5,21.4,28,5,35,30,45,25,40,35,40,30,20,20,30,10,15,40,30,35,30,35,30,40,15,5,15,5,10,20,10,100,90,100,95,75,75,25,0,0,0,0,25,65,10,0,0,0,55,45,0,0,0,0,65,30,5,0,0,0,35,40,25,0,0,0,2,2,2,2,2
1,23.3,5.1,22.1,6.4,11.7,4.1,7.6,71,57,61,42,47,58,42,32,8,33,12,20,7,13,24,6,23,6,13,4,8,12,0,10,2,2,1,1,29,6,25,999,999,999,999,6.11,2.25,6.73,3.36,5.19,1.96,3.63,2.9,3.4,4.3,12.8,,2.9,3.4,4.3,12.8,16.3,7,,1.8,0.9,3.3,,0.9,1.8,0.9,3.3,,4.2,,0.9,7.9,7.1,4.8,2.4,,,10.9,11.2,11.6,10.5,,2.3,1.6,1.9,0.6,,5.5,0.9,,1.8,2.4,2.2,2.9,3.4,3.6,2.5,,7.6,0.9,3.2,7,2.4,2.3,0.6,1.1,1.2,1.3,,,0.9,3.2,1.7,2.4,,2.3,2.3,2.4,1.2,,7.6,,,5.4,,2.3,71,67,86,67,,71,67,86,67,71,70,,60,30,55,,30,60,30,55,,70,,30,65,59,59,59,,,64,59,61,61,,58,39,38,30,,42,45,,45,59,31,41,48,59,41,,42,43,64,44,60,45,60,53,58,63,,,43,64,55,60,,38,46,60,30,,42,,,41,,45,1.6,0.1,1.9,2.7,2.5,0.6,1.9,4.8,0.6,5.3,18,9.8,7.9,10.6,0,2.2,1.4,0,30.7,28,15,30,10,35,15,30,15,20,20,35,20,30,15,5,25,15,30,30,35,25,55,40,35,25,15,20,30,25,95,70,85,100,75,50,45,5,0,0,0,10,60,30,0,0,0,40,45,15,0,0,0,70,30,0,0,0,0,15,60,25,0,0,0,3,2,2,1,2
3,25,5.9,22.8,5.4,11.9,4,7.9,76,66,63,36,48,57,44,31,9,31,11,19,6,14,26,6,22,5,12,4,8,20,3,11,1,2,1,1,29,6,29,999,999,999,8,3.85,1.65,5.91,3.35,4.54,1.65,3.21,3.1,4,4.5,13.5,,3.1,4,4.5,13.5,17.3,7.8,,2.2,1.2,3.7,,1.2,2.2,1.2,3.7,,4.8,,1.2,8.2,7.2,5,2.4,,,10.5,12.3,12.1,10.7,,2.3,1.3,1.4,0.6,,4.6,0.9,,1.2,2.1,2.1,3.2,3.4,3.4,2.6,,7.9,0.8,3.2,7.9,2.3,1.8,0.4,1,1.6,1.1,,,0.8,3.2,1.8,2.3,,2.8,2.4,1.8,1.5,,7.9,,,6.2,,1.8,78,79,90,71,,78,79,90,71,75,78,,73,38,62,,38,73,38,62,,79,,38,68,60,63,60,,,61,65,63,63,,56,31,27,28,,35,43,,30,53,30,45,49,56,43,,44,40,64,49,56,35,40,50,78,53,,,40,64,58,56,,46,48,45,38,,44,,,47,,35,1.4,0.1,1.9,2.7,3.1,0.5,2.6,4.1,1.1,5.1,18,12.2,7.1,14.2,0.1,2,1.8,1.7,28.6,36,5,35,15,20,10,25,10,35,35,25,20,20,15,10,30,5,40,40,40,40,65,30,25,20,20,30,20,15,100,80,100,95,60,65,35,0,0,0,0,15,65,15,5,0,0,50,50,0,0,0,0,55,40,5,0,0,0,20,40,30,10,0,0,1,2,1,3,3
3,24.6,6.1,22.8,6.5,12.5,4.1,8.5,74,67,63,43,50,58,47,31,9,31,12,21,6,16,26,6,23,7,13,4,8,12,2,13,3,5,2,2,999,5,21,8,999,4,8,5.01,1.73,5.35,2.61,4.76,1.05,4.11,3.2,3.4,4.4,13.7,,3.2,3.4,4.4,13.7,17.2,7.4,,2.1,1.1,4,,1.1,2.1,1.1,4,,5,,1.1,8.1,7.3,4.8,2.6,,,10.7,12.2,12.1,10.8,,2.4,1.9,1.6,0.8,,5.9,0.6,,1.9,2,2.6,3.2,3.8,3.5,2.6,,8.5,0.8,3.3,8,2.3,2.3,0.7,1.1,1.2,1.1,,,0.8,3.3,1.8,2.3,,2.5,2.7,2.4,1.5,,8.5,,,6.2,,2.3,79,68,87,72,,79,68,87,72,75,74,,70,37,66,,37,70,37,66,,82,,37,67,61,60,65,,,63,64,63,63,,59,46,31,38,,45,30,,48,50,37,45,54,58,43,,47,38,66,50,58,45,70,55,58,55,,,38,66,58,58,,41,54,59,38,,47,,,48,,45,1.4,0.1,2.1,2.6,2.6,0.7,1.9,4.1,1.1,5.7,17,10.2,10,10.3,0.1,1.8,1.3,3.3,25.7,25,20,40,10,15,20,5,30,30,15,30,45,20,30,0,20,35,40,40,35,55,55,30,10,20,0,25,10,15,95,75,95,100,65,55,40,5,0,0,0,40,35,25,0,0,0,45,50,5,0,0,0,50,50,0,0,0,0,15,50,35,0,0,0,2,1,3,3,3
2,25.4,5.9,23.1,7.2,12.7,4.2,8.6,77,65,64,48,51,59,47,31,8,32,13,19,7,16,27,7,25,8,14,4,8,15,2,10,1,3,1,2,28,7,999,4,999,999,11,4.59,1.73,6.3,3.98,4.92,1.76,3.93,3.3,3.8,4.6,13.7,,3.3,3.8,4.6,13.7,17.5,7.9,,2.2,1.1,3.7,,1.1,2.2,1.1,3.7,,4.8,,1.1,8,7.9,4.9,2.4,,,10.5,12.6,12.5,10.6,,2.4,2.2,1.9,0.9,,6.4,0.8,,2.3,2,3,3.1,3.8,4,2.3,,8.6,1,3.2,7.9,2.5,2.4,0.6,1.2,1.3,1.1,,,1,3.2,1.7,2.5,,2.6,2.6,2.7,1.2,,8.6,,,6.2,,2.4,83,75,92,72,,83,75,92,72,76,79,,73,35,61,,35,73,35,61,,80,,35,67,65,61,60,,,62,66,66,62,,59,54,37,43,,49,40,,56,50,42,44,54,66,38,,47,48,64,49,61,48,55,60,65,55,,,48,64,57,61,,43,52,66,30,,47,,,47,,48,1.2,0,1.5,2.1,2.2,0.7,1.5,3.6,0,4.2,14,8.8,10,8.3,0,1.5,1.3,0,21.4,26,15,50,10,35,20,30,25,35,15,40,25,30,15,0,35,15,30,30,25,40,60,15,20,20,10,25,15,15,95,70,95,95,85,70,25,5,0,0,0,30,40,30,0,0,0,40,55,5,0,0,0,55,40,5,0,0,0,15,70,15,0,0,0,1,1,3,2,1
3,24.3,6,22.8,5.9,13.1,4.9,8.2,74,67,63,39,52,70,46,32,8,34,11,22,7,15,26,6,23,6,14,5,8,12,3,12,0,5,3,2,999,5,999,999,14,6,999,4.86,1.38,5.22,3.11,4.69,1.37,3.71,3,3.7,4.2,13.5,,3,3.7,4.2,13.5,17.3,7.1,,2.2,1.2,3.8,,1.2,2.2,1.2,3.8,,4.9,,1.2,7.8,7.4,5.3,2.4,,,10.7,12.1,12.7,10.1,,2.3,1.4,1.6,0.7,,5.3,0.7,,1.9,1.8,2.3,3,4.3,3.5,3,,8.2,1.2,3.7,8.2,2.8,2.2,0.6,1.4,1.4,1.5,,,1.2,3.7,2.2,2.8,,2.4,2.9,2.1,1.5,,8.2,,,6,,2.2,74,74,84,71,,74,74,84,71,75,71,,73,38,63,,38,73,38,63,,81,,38,65,61,66,59,,,63,64,67,59,,58,34,32,33,,40,33,,46,44,33,42,61,57,49,,46,60,74,51,69,44,60,70,70,75,,,60,74,72,69,,39,58,51,36,,46,,,46,,44,1.2,0,1.8,2.9,2.7,0.6,2.1,3.5,0,4.9,19.3,10.6,7.9,11.7,0,2,1.5,0,28.6,29,10,40,10,30,15,40,20,25,20,25,20,35,25,5,40,30,50,40,30,35,60,25,10,15,10,20,0,15,100,70,100,100,70,65,35,0,0,0,0,25,45,30,0,0,0,45,55,0,0,0,0,55,45,0,0,0,0,20,50,30,0,0,0,2,3,2,3,3
4,24.4,5.8,22.5,5.6,12.7,4.5,8.3,74,64,62,37,51,64,46,30,9,33,13,21,7,15,25,6,24,5,13,4,9,17,4,10,2,6,2,3,28,5,999,5,999,4,4,4.04,1.47,6.91,2.89,4.44,1.54,3.43,3.2,3.5,4.4,13.4,,3.2,3.5,4.4,13.4,16.8,7.6,,2.3,1.1,3.6,,1.1,2.3,1.1,3.6,,4.7,,1.1,8.2,7,4.9,2.5,,,10.7,11.8,11.9,10.6,,2.3,1.1,1.6,0.7,,4.7,0.9,,1.7,1.9,2,3.4,3.5,3.5,3,,8.3,1,3.5,8.7,2.3,1.8,0.5,1.2,1.4,1.4,,,1,3.5,2.2,2.3,,2.9,2.3,2.1,1.7,,8.3,,,6.5,,1.8,79,70,87,70,,79,70,87,70,73,76,,75,37,59,,37,75,37,59,,78,,37,68,58,61,63,,,63,62,62,62,,58,26,31,33,,36,45,,41,48,29,49,49,58,50,,46,50,69,54,56,36,50,60,70,68,,,50,69,73,56,,48,45,51,41,,46,,,50,,36,0.9,0.1,1.4,2.4,3.1,0.6,2.5,2.7,0.6,3.9,15.7,12.2,8.6,13.6,0.1,1.8,1.8,1.7,25.7,35,10,30,20,15,20,25,10,25,20,25,20,25,15,15,35,30,20,50,30,50,50,30,20,35,15,25,10,25,100,70,85,90,60,65,35,0,0,0,0,25,45,30,0,0,0,50,35,15,0,0,0,50,40,10,0,0,0,30,30,35,5,0,0,2,2,3,2,2
3,25.7,6.1,24.3,7,14,4.5,9.5,78,68,68,46,56,64,53,32,9,36,13,20,7,14,26,6,26,7,15,4,11,19,3,7,2,2,1,1,999,6,32,999,17,999,11,4.33,1.71,7.87,2.91,4.54,1.67,3.4,3.3,3.8,4.3,14.4,,3.3,3.8,4.3,14.4,18,7.7,,2.1,1.2,4.1,,1.2,2.1,1.2,4.1,,5,,1.2,8.5,8.2,5.1,2.6,,,11.6,12.8,13,11.4,,2.7,2,1.8,0.6,,6.3,0.7,,2.1,1.8,3.1,3.9,4,4.3,2.6,,9.5,0.8,3.7,9,2.5,2.5,0.7,1.2,1.6,1,,,0.8,3.7,2,2.5,,3.2,2.8,2.7,1.6,,9.5,,,7,,2.5,81,76,85,76,,81,76,85,76,78,77,,68,38,68,,38,68,38,68,,82,,38,71,68,63,65,,,68,67,68,67,,66,49,35,30,,48,33,,53,45,44,55,57,71,43,,53,40,73,56,61,50,65,60,80,50,,,40,73,67,61,,53,56,66,40,,53,,,54,,50,1.1,0,1.2,2,2.4,0.8,1.6,3.2,0,3.3,13,9.6,11.4,8.9,0,1.3,1.1,0,18.6,22,30,40,30,25,25,35,30,15,30,30,50,30,10,10,25,5,20,15,40,45,55,30,25,20,10,5,10,5,100,60,95,100,70,65,35,0,0,0,0,20,40,30,10,0,0,45,50,5,0,0,0,60,40,0,0,0,0,5,65,25,5,0,0,3,2,3,4,3
3,26.4,6.1,23.9,7,14.3,4.7,9.6,80,67,66,47,57,67,53,32,8,32,12,22,7,16,28,7,24,7,13,5,9,14,3,15,1,3,2,1,30,8,32,6,13,5,999,4.54,1.79,6.01,2.7,4.78,1.34,3.86,3.3,3.9,4.5,14.8,,3.3,3.9,4.5,14.8,18.2,8.3,,1.9,1.1,4.2,,1.1,1.9,1.1,4.2,,5,,1.1,8.9,7.8,4.9,2.4,,,11.3,12.6,12.5,11.4,,2.7,1.9,2,0.5,,6.1,1,,1.8,2.3,3,3.8,4.5,4,2.6,,9.6,0.9,3.8,9.2,2.7,2.4,0.8,1.4,1.4,1.2,,,0.9,3.8,2.1,2.7,,3.1,3.1,2.6,1.4,,9.6,,,7.2,,2.4,81,78,90,78,,81,78,90,78,79,83,,63,37,69,,37,63,37,69,,83,,37,74,65,61,60,,,66,66,66,67,,68,48,39,23,,47,48,,45,56,42,54,64,66,43,,53,45,76,58,66,48,75,70,70,58,,,45,76,68,66,,51,62,64,35,,53,,,55,,48,0.8,0.1,1,1.7,1.9,0.3,1.6,2.4,1.1,2.6,11.3,7.6,4.3,8.9,0.1,1.1,1.3,3.3,15,25,30,55,25,30,30,25,40,30,0,25,45,15,35,5,25,15,25,20,50,35,50,15,30,25,5,5,5,5,100,75,100,100,75,65,35,0,0,0,0,50,25,20,5,0,0,60,40,0,0,0,0,65,35,0,0,0,0,15,60,25,0,0,0,2,1,2,2,1
3,25.8,6.2,25,7.3,13.5,4.6,8.9,78,69,69,49,54,66,49,32,9,31,12,21,7,15,27,7,28,8,15,5,9,13,1,10,2,3,1,2,27,7,31,8,17,5,9,4.92,1.79,6.22,2.83,5.37,1.85,3.8,3.3,3.7,4.3,14.6,,3.3,3.7,4.3,14.6,18,7.9,,2.3,1.3,3.9,,1.3,2.3,1.3,3.9,,4.9,,1.3,8.4,8.1,5.7,2.8,,,12,13,13.4,11.6,,2.9,1.7,2.1,0.7,,6.4,0.9,,2.2,2.3,2.9,3.8,3.9,3.7,2.8,,8.9,1,3.6,8.3,2.8,2.5,0.7,1.4,1.4,1.3,,,1,3.6,1.9,2.8,,3.2,2.6,2.3,1.6,,8.9,,,6.4,,2.5,81,74,86,77,,81,74,86,77,78,79,,77,43,65,,43,77,43,65,,82,,43,70,68,71,70,,,71,68,71,68,,71,43,41,35,,49,45,,54,58,41,54,56,61,47,,49,50,72,52,69,49,65,68,68,63,,,50,72,62,69,,52,51,58,39,,49,,,49,,49,1.2,0.1,1.2,1.6,2.2,0.4,1.8,3.5,0.6,3.2,10.3,8.6,5,10,0.1,1,1.3,1.7,14.3,25,15,50,25,35,20,35,30,45,25,40,35,35,25,20,25,10,20,20,25,25,30,15,15,15,10,20,15,20,95,60,95,100,75,85,10,5,0,0,0,10,50,30,10,0,0,30,65,5,0,0,0,50,50,0,0,0,0,35,40,20,5,0,0,2,1,1,1,1
3,23.5,5.8,21.1,5.5,11.9,4.1,7.8,71,64,58,36,47,58,43,31,8,31,11,20,6,14,25,6,22,6,11,4,8,11,3,11,0,3,0,3,999,5,999,3,11,4,999,5.52,1.61,6.33,3.02,4.52,1.54,3.53,2.9,3.3,4.2,13.2,,2.9,3.3,4.2,13.2,16.1,7.4,,2.1,0.9,3.7,,0.9,2.1,0.9,3.7,,4.9,,0.9,7.6,6.8,4.5,2.3,,,9.3,11.8,11.4,9.7,,2.3,1.3,1.4,0.6,,5,0.5,,1.8,1.6,2.1,3,3.5,3.5,2.5,,7.8,0.9,3.2,7.6,2.2,2.1,0.6,1.3,1.1,1.2,,,0.9,3.2,1.9,2.2,,2.4,2.3,2.4,1.4,,7.8,,,5.8,,2.1,71,65,83,69,,71,65,83,69,70,74,,70,30,62,,30,70,30,62,,82,,30,63,56,56,56,,,55,62,60,57,,56,31,28,28,,38,25,,45,40,29,42,50,57,42,,43,45,63,48,55,41,55,63,55,58,,,45,63,62,55,,40,45,59,34,,43,,,44,,41,1.5,0.1,1.5,2.1,2.8,0.8,2,4.4,1.1,4,13.7,11,11.4,10.8,0,1.4,1.5,0,20,29,5,35,15,20,15,20,15,30,20,15,30,20,15,5,40,25,40,40,45,50,55,25,20,30,10,20,15,25,95,85,95,95,55,60,35,5,0,0,0,50,35,10,5,0,0,80,15,5,0,0,0,60,35,5,0,0,0,20,35,35,10,0,0,2,1,2,2,2
1,25.5,6.1,21.4,6.1,13.1,4.3,8.8,77,68,59,40,52,61,49,33,8,32,12,24,7,18,27,7,22,5,12,4,8,15,2,9,2,5,2,3,999,7,29,4,12,4,8,5.67,1.62,7.48,3.44,5.03,1.38,3.87,3.1,3.9,4.2,14.5,,3.1,3.9,4.2,14.5,17.7,7.9,,2.4,1.2,3.7,,1.2,2.4,1.2,3.7,,4.9,,1.2,8,6.8,4.3,2.4,,,10.4,11,11.3,10.1,,2.5,1.4,1.8,0.5,,5.4,0.7,,1.8,1.9,2.4,3.4,3.8,3.9,2.8,,8.8,0.9,3.5,8.6,2.3,2.3,0.5,1.2,1.4,1.2,,,0.9,3.5,2.1,2.3,,2.9,2.6,2.5,1.6,,8.8,,,6.6,,2.3,76,77,83,76,,76,77,83,76,77,79,,80,40,62,,40,80,40,62,,82,,40,66,56,53,60,,,61,58,59,59,,61,35,35,23,,42,33,,44,48,34,48,54,65,46,,49,43,69,54,56,45,50,60,70,60,,,43,69,68,56,,47,51,63,39,,49,,,50,,45,0.7,0,1.4,1.8,2.1,0.5,1.6,2.1,0,3.9,12,8.4,7.1,8.9,0,1.3,1.3,0,18.6,25,30,50,15,30,25,25,25,20,25,25,10,10,10,0,25,10,20,50,50,55,60,25,15,40,10,15,10,15,100,80,90,100,75,80,20,0,0,0,0,35,45,20,0,0,0,40,50,10,0,0,0,55,45,0,0,0,0,15,60,25,0,0,0,1,2,1,3,2
1,24.4,5.7,23.1,6.7,12.2,3.7,8.5,74,63,64,44,49,53,47,33,8,31,12,21,6,15,25,6,24,6,11,4,8,18,2,10,3,5,1,3,999,999,24,4,999,5,8,4.28,1.63,5.66,3.1,4.03,1.42,3.14,3.2,3.5,4.1,13.7,,3.2,3.5,4.1,13.7,16.8,7.6,,1.9,1.1,3.8,,1.1,1.9,1.1,3.8,,4.6,,1.1,7.7,7.6,5.2,2.7,,,10.8,12.3,12.7,10.4,,2.2,1.9,1.9,0.7,,5.8,0.9,,2.1,2.2,2.4,3.4,3.6,3.5,2.3,,8.5,0.7,3,8.5,1.8,2,0.3,1.2,1.2,1,,,0.7,3,2,1.8,,3.1,2.4,2.3,1.3,,8.5,,,6.5,,2,79,69,82,72,,79,69,82,72,73,76,,63,35,63,,35,63,35,63,,77,,35,64,63,64,68,,,64,64,67,61,,55,48,38,33,,45,43,,51,55,34,49,51,58,38,,47,35,60,53,44,39,30,60,60,50,,,35,60,65,44,,52,47,58,31,,47,,,50,,39,1,0,1.6,1.9,2.4,0.7,1.7,2.9,0,4.3,12.3,9.6,10,9.4,0,1.5,1.3,0,20.7,25,10,30,15,35,15,5,15,25,25,20,15,15,30,0,30,25,55,50,60,45,75,35,20,10,0,10,20,10,100,65,85,100,60,80,20,0,0,0,0,45,20,30,5,0,0,35,50,15,0,0,0,60,40,0,0,0,0,35,25,35,5,0,0,3,1,1,2,2
3,25.1,6.2,23.3,6.4,13.6,4.6,9,76,68,65,43,54,65,50,32,9,32,10,22,7,15,26,7,25,6,14,5,9,15,0,5,3,5,0,4,28,7,29,4,14,3,8,4.51,1.98,7.17,2.46,4.56,1.93,3.15,3.1,3.8,4.6,13.7,,3.1,3.8,4.6,13.7,17.8,7.3,,2.4,1.2,3.8,,1.2,2.4,1.2,3.8,,5,,1.2,7.9,7.7,5,2.8,,,10.7,12.6,12.2,11.1,,2.4,1.8,1.8,0.5,,5.6,0.8,,2.1,1.9,2.5,3.5,3.9,4,2.8,,9,1.1,3.5,8.9,2.4,2.3,0.7,1.2,1.4,1.3,,,1.1,3.5,2.2,2.4,,2.9,2.7,2.6,1.5,,9,,,6.8,,2.3,78,75,91,72,,78,75,91,72,77,73,,80,38,63,,38,80,38,63,,83,,38,65,64,63,69,,,63,66,64,65,,60,44,35,25,,43,40,,51,46,36,50,55,66,46,,50,55,69,56,60,45,65,60,70,65,,,55,69,72,60,,47,53,64,36,,50,,,52,,45,1.4,0.1,0.9,1.6,2.1,0.7,1.4,4.2,1.1,2.5,10.3,8.4,10,7.8,0.1,1.2,1.1,1.7,16.4,22,15,50,20,30,30,40,25,30,25,30,25,25,10,10,35,15,25,45,25,45,55,20,10,25,0,20,5,10,90,80,100,100,75,75,15,10,0,0,0,45,35,15,5,0,0,55,45,0,0,0,0,70,30,0,0,0,0,10,65,15,10,0,0,2,2,2,3,2
3,25,6.4,24,7.1,14.2,5.1,9.1,76,71,67,47,57,72,51,32,9,33,12,23,7,17,26,6,24,8,15,6,10,18,3,10,2,5,2,2,999,6,999,9,16,7,10,4.29,1.7,6.47,3.02,4.9,1.85,3.7,3.2,3.3,4.7,13.9,,3.2,3.3,4.7,13.9,17.8,7.2,,2.3,1.6,4.1,,1.6,2.3,1.6,4.1,,4.9,,1.6,8.4,7.6,5.5,2.5,,,11.5,12.5,12.7,11.3,,2.5,2,2.1,0.6,,6.4,0.8,,2.2,2.3,2.7,3.7,4.4,3.8,2.9,,9.1,1.1,4,8.9,2.8,2.5,0.7,1.5,1.5,1.4,,,1.1,4,2.3,2.8,,3,2.9,2.3,1.5,,9.1,,,6.7,,2.5,80,65,93,73,,80,65,93,73,77,72,,77,52,68,,52,77,52,68,,81,,52,70,63,69,63,,,68,66,67,66,,63,49,41,30,,49,38,,55,56,38,53,62,63,48,,51,55,79,56,70,49,70,73,75,70,,,55,79,75,70,,50,58,58,38,,51,,,51,,49,1.2,0.2,1.1,1.7,1.9,0.3,1.6,3.5,1.7,3.1,11,7.6,4.3,8.9,0,1.3,1.1,0,17.9,21,10,40,30,45,20,50,20,40,30,15,20,45,15,5,25,20,40,30,20,20,60,25,10,15,5,15,15,15,95,85,95,90,70,70,25,5,0,0,0,45,40,15,0,0,0,70,25,5,0,0,0,75,15,10,0,0,0,15,55,30,0,0,0,3,2,3,2,2
1,23.2,5.5,21,5.3,12.2,4.1,8.1,70,61,58,35,49,59,45,28,8,30,11,18,7,13,23,5,21,5,12,4,8,18,2,11,0,6,2,4,22,5,26,3,10,5,999,3.09,1.67,6,3.21,2.91,1.21,2.63,3.1,3.3,4.5,12.5,,3.1,3.3,4.5,12.5,16.4,6.8,,2,0.8,3.5,,0.8,2,0.8,3.5,,4.7,,0.8,7.3,6.9,4.4,2.5,,,9.4,11.6,11.7,9.3,,2.1,1.4,1.4,0.5,,4.9,0.5,,1.7,1.6,2.1,3.4,3.6,2.9,2.8,,8.1,1,3.1,7.7,2.2,2.3,0.5,1.2,1,1.5,,,1,3.1,2,2.2,,2.9,2.4,2,1.3,,8.1,,,5.8,,2.3,76,65,89,66,,76,65,89,66,71,68,,65,27,58,,27,65,27,58,,77,,27,60,57,54,61,,,55,61,61,55,,53,34,27,25,,37,23,,43,39,29,49,51,48,47,,45,50,62,48,54,46,50,58,48,75,,,50,62,65,54,,48,48,49,33,,45,,,44,,46,1.4,0,1.5,1.8,2.6,0.9,1.7,4.1,0,4.2,11.7,10.2,12.1,9.4,0,1.4,1.1,0,19.3,21,0,30,5,20,5,5,15,20,10,30,20,25,35,20,60,35,30,45,65,50,50,20,25,35,15,5,10,15,95,75,95,95,50,50,45,5,0,0,0,25,50,20,5,0,0,45,50,0,5,0,0,50,45,5,0,0,0,20,30,45,5,0,0,2,1,1,2,1
3,25.4,5.8,23.3,7.1,12.2,4.7,7.5,77,64,65,47,49,67,41,32,8,35,14,22,7,15,26,6,23,7,13,5,7,13,3,8,1,6,2,3,27,999,999,999,13,5,999,4.25,1.65,7.48,3.61,4.09,1.49,3.02,3.3,3.7,4.3,14.2,,3.3,3.7,4.3,14.2,17.4,8.1,,2.4,1.1,3.4,,1.1,2.4,1.1,3.4,,4.7,,1.1,7.9,7.7,5.2,2.6,,,11.2,12.1,12.6,10.8,,2.7,1.7,1.8,0.9,,6.1,1,,1.8,2.3,3,3.5,3.3,3.2,2.9,,7.5,1,3.7,7.4,2.8,2.1,0.7,1.3,1.4,1.4,,,1,3.7,2,2.8,,2.8,2.1,1.9,1.5,,7.5,,,5.4,,2.1,83,74,85,74,,83,74,85,74,75,81,,78,37,57,,37,78,37,57,,77,,37,66,64,64,65,,,66,64,66,63,,68,43,35,45,,47,48,,45,56,43,49,47,53,48,,41,50,74,46,69,41,70,63,68,70,,,50,74,65,69,,46,41,46,36,,41,,,42,,41,0.8,0.1,1.1,1.7,2.3,0.4,1.9,2.4,1.1,2.9,11.3,9,5.7,10.3,0,1.5,1.3,0,20.7,26,20,35,25,35,10,30,5,30,20,20,30,20,30,10,40,20,30,20,40,25,65,10,25,25,15,30,15,20,100,75,80,100,50,60,40,0,0,0,0,25,50,25,0,0,0,50,30,20,0,0,0,60,40,0,0,0,0,15,35,50,0,0,0,2,1,1,2,2
3,24,5.5,21.7,5.5,12,3.8,8.2,73,61,60,37,48,54,46,33,8,31,9,19,7,13,25,6,22,6,11,4,8,14,1,13,2,5,0,3,999,999,23,999,8,4,8,5.51,2.04,5.1,2.37,3.93,1.89,2.95,3.1,3.3,4.3,13.3,,3.1,3.3,4.3,13.3,17,7,,2.1,1.1,3.5,,1.1,2.1,1.1,3.5,,4.5,,1.1,7.2,7.3,4.9,2.4,,,10.2,11.5,12.1,9.6,,2.2,1.5,1.3,0.7,,4.9,0.7,,1.6,1.9,2.1,3.3,3.7,3.2,2.4,,8.2,0.9,2.9,7.7,2.1,2.3,0.6,1.2,0.9,1.2,,,0.9,2.9,1.7,2.1,,2.8,2.5,2.3,1.3,,8.2,,,6,,2.3,78,65,86,70,,78,65,86,70,74,70,,68,35,58,,35,68,35,58,,74,,35,60,61,61,59,,,60,61,64,56,,54,36,25,33,,37,33,,39,48,29,47,52,53,40,,46,43,58,48,51,45,55,58,45,58,,,43,58,57,51,,46,50,56,31,,46,,,46,,45,1.3,0.2,1.8,1.4,2.2,0.8,1.4,3.9,2.2,5,9,8.6,10.7,7.8,0,1.3,0.9,0,17.9,17,15,40,10,10,10,20,20,25,10,15,45,30,15,10,25,20,50,30,35,40,60,35,30,25,15,25,25,10,100,55,85,100,50,75,25,0,0,0,0,30,25,40,5,0,0,40,45,15,0,0,0,60,40,0,0,0,0,0,50,45,5,0,0,1,2,2,3,3
1,24.9,6.3,23.4,6.5,13.2,5.1,8.1,75,70,65,43,53,72,45,31,9,30,13,20,7,15,26,7,24,7,13,5,8,18,2,15,1,5,3,2,999,7,29,999,999,5,8,4.19,1.69,5.45,3.87,4.92,1.36,4.13,3.4,3.5,4.3,13.8,,3.4,3.5,4.3,13.8,17.4,7.6,,2.5,1.4,3.9,,1.4,2.5,1.4,3.9,,5,,1.4,8.2,7.5,5,2.7,,,11.6,11.8,12,11.4,,2.2,1.8,1.6,0.9,,5.5,1,,1.6,2.3,2.6,3.6,3.6,3.7,2.8,,8.1,1,4.1,8.4,2.9,2,0.7,1.4,1.7,1.3,,,1,4.1,2.2,2.9,,2.9,2.2,2.1,1.5,,8.1,,,6.2,,2,84,70,86,72,,84,70,86,72,75,76,,82,45,64,,45,82,45,64,,82,,45,68,62,63,68,,,68,62,63,67,,55,45,31,45,,42,48,,39,58,37,51,51,62,47,,45,48,82,52,71,39,70,70,83,65,,,48,82,73,71,,48,44,51,38,,45,,,47,,39,1.3,0,1.1,1.6,1.9,0.4,1.5,3.9,0,2.9,10.3,7.4,5,8.3,0,1.3,1,0,17.9,19,15,55,5,35,30,40,25,25,10,45,20,15,30,10,35,25,25,25,30,30,35,25,10,25,20,25,0,30,100,90,95,100,70,75,25,0,0,0,0,15,75,5,5,0,0,60,35,5,0,0,0,50,50,0,0,0,0,35,35,30,0,0,0,3,2,2,4,3
2,23.8,5.6,21.5,5.1,11.9,4.3,7.6,72,62,60,34,47,61,42,32,9,32,9,19,6,14,26,6,22,5,12,5,7,15,2,12,1,5,1,4,26,999,20,5,999,5,6,5.36,1.82,5.02,2.11,3.34,1.3,2.63,2.7,3.7,4.2,13.3,,2.7,3.7,4.2,13.3,16.4,7.4,,2,1.2,3.6,,1.2,2,1.2,3.6,,4.4,,1.2,8,6.9,4.2,2.5,,,9.9,11.6,11.3,10.2,,2.2,1.1,1.5,0.3,,4.6,0.5,,1.8,1.6,1.7,3.2,3.6,3.1,2.5,,7.6,1,3.4,7.7,2.4,1.9,0.6,1.3,1.2,1.3,,,1,3.4,2,2.4,,2.7,2.3,1.9,1.3,,7.6,,,5.7,,1.9,68,73,83,70,,68,73,83,70,71,74,,65,40,60,,40,65,40,60,,72,,40,66,58,52,61,,,58,61,59,60,,55,26,30,15,,35,23,,45,39,24,46,51,51,42,,42,48,67,48,59,37,55,65,60,63,,,48,67,65,59,,44,45,46,31,,42,,,44,,37,1.3,0.1,1.3,1.6,2.5,0.8,1.7,3.8,0.6,3.5,10.7,9.8,10.7,9.4,0.1,1.4,1,1.7,19.3,19,15,30,5,5,5,15,5,15,25,20,35,30,40,10,40,25,55,45,55,40,70,30,20,20,15,10,5,15,100,75,95,100,50,60,40,0,0,0,0,25,50,20,5,0,0,55,40,5,0,0,0,65,35,0,0,0,0,15,35,50,0,0,0,2,1,1,2,2
3,26.4,6,23.6,7,13.2,4.3,8.9,80,66,66,46,53,61,49,31,9,33,13,21,7,15,27,6,26,7,13,4,9,20,1,9,1,5,2,3,999,7,999,999,999,999,13,3.5,1.67,7.72,3.53,5.08,1.56,4.11,3.5,3.8,4.6,14.7,,3.5,3.8,4.6,14.7,18.4,8,,2,1.1,4,,1.1,2,1.1,4,,4.9,,1.1,8.6,7.5,4.8,2.7,,,11.4,12.2,12.3,11.4,,2.7,2,1.7,0.7,,6.1,0.9,,2.1,2.2,2.7,3.5,3.7,3.5,3,,8.9,1,3.4,8.7,2.3,2.3,0.6,1.2,1.4,1.2,,,1,3.4,2.1,2.3,,3,2.5,2.2,1.8,,8.9,,,6.6,,2.3,86,75,91,77,,86,75,91,77,80,80,,65,35,67,,35,65,35,67,,82,,35,72,63,60,68,,,67,64,64,67,,68,49,33,33,,47,45,,53,54,39,50,53,58,49,,49,48,67,54,56,45,55,60,68,60,,,48,67,68,56,,49,50,54,44,,49,,,51,,45,1.3,0.1,1.3,1.4,2.2,0.7,1.5,3.8,0.6,3.5,9.3,8.6,10,8.1,0,1.1,0.8,0,15.7,16,25,40,30,40,25,35,35,30,25,25,15,20,5,0,30,25,20,40,25,50,45,15,10,25,5,30,10,20,100,75,100,95,60,75,25,0,0,0,0,35,40,25,0,0,0,60,40,0,0,0,0,60,35,5,0,0,0,25,35,35,5,0,0,1,2,1,2,1
3,25.4,5.9,22,6.8,12.8,4.6,8.2,77,66,61,45,51,66,45,32,8,33,12,20,7,14,27,6,26,7,14,5,8,13,2,4,0,4,1,1,999,7,15,999,999,999,11,5.74,1.83,8.99,3.64,4.92,1.98,3.56,3.3,3.6,4.2,14.3,,3.3,3.6,4.2,14.3,17.5,7.9,,2,1.1,4,,1.1,2,1.1,4,,4.8,,1.1,8.1,7.1,4.3,2.5,,,11,11,11.2,10.8,,2.5,1.8,1.8,0.9,,6.1,0.8,,2,2,2.9,3,4.3,3.6,2.3,,8.2,1.1,3.5,7.8,2.7,2.4,0.7,1.4,1.4,1.3,,,1.1,3.5,2,2.7,,2.4,2.9,2.3,1.1,,8.2,,,5.8,,2.4,83,72,84,75,,83,72,84,75,76,79,,65,37,66,,37,65,37,66,,80,,37,67,59,54,61,,,65,58,59,64,,61,44,35,43,,47,38,,50,49,41,43,61,60,38,,45,55,70,48,66,47,65,68,68,63,,,55,70,65,66,,39,58,56,26,,45,,,45,,47,0.8,0,1.4,1.4,1.9,0.4,1.6,2.4,0,3.9,9,7.6,5,8.6,0,1,1.1,0,13.6,21,25,45,20,30,20,40,15,35,20,35,35,35,15,5,15,15,10,20,20,25,65,25,20,35,15,25,20,15,95,85,100,100,70,75,20,5,0,0,0,35,50,10,5,0,0,50,50,0,0,0,0,55,45,0,0,0,0,15,55,25,5,0,0,2,1,1,1,1
4,24,5.7,22,6.2,13.4,5.1,8.4,73,63,61,41,54,72,46,31,9,34,11,24,7,17,25,6,23,7,14,5,9,7,0,8,1,3,2,1,999,999,999,999,14,5,999,6.11,1.98,7.71,3.08,5.06,1.32,4.11,3.2,3.3,4.4,13.2,,3.2,3.3,4.4,13.2,16.8,7.2,,2,1,3.7,,1,2,1,3.7,,4.7,,1,7.5,7.6,4.6,2.3,,,10.5,11.6,11.5,10.6,,2.6,1.6,1.2,0.8,,5.6,0.6,,1.7,1.9,2.6,3.6,3.7,3.6,3.2,,8.4,0.9,4.2,8.7,2.8,2,0.7,1.3,1.6,1.5,,,0.9,4.2,2.3,2.8,,2.9,2.4,2,1.7,,8.4,,,6.4,,2,79,65,88,69,,79,65,88,69,73,72,,67,33,61,,33,67,33,61,,77,,33,63,63,58,58,,,61,61,60,62,,65,40,23,40,,43,30,,43,46,37,51,53,59,53,,46,45,83,54,70,39,70,65,78,75,,,45,83,75,70,,47,48,50,43,,46,,,49,,39,1.1,0,1.4,0.9,1.8,0.2,1.6,3.2,0,3.9,5.7,7,2.1,8.9,0,0.6,1.2,0,7.9,23,20,35,25,20,25,30,15,15,20,5,40,30,35,20,40,20,45,25,30,30,50,25,25,25,15,15,5,15,100,80,90,90,65,85,15,0,0,0,0,40,40,15,5,0,0,60,30,10,0,0,0,65,25,10,0,0,0,15,50,25,10,0,0,2,2,1,2,2
3,24.5,5.3,22.3,6,14.3,4.5,9.8,74,58,62,40,57,64,54,31,8,31,12,23,7,17,26,5,24,6,16,5,11,13,3,12,1,5,2,2,999,999,14,999,18,6,12,4.85,1.52,6.83,2.89,5.08,1.67,3.93,3.3,3.3,4.3,13.7,,3.3,3.3,4.3,13.7,16.9,7.6,,2.1,1.1,3.2,,1.1,2.1,1.1,3.2,,4.2,,1.1,7.7,7.7,4.8,2.2,,,10.6,11.7,12.4,10,,2.4,1.6,1.4,0.7,,5.4,0.6,,1.8,1.8,2.4,3.5,4.7,4,2.9,,9.8,1.1,3.4,9.3,2.6,2.4,0.6,1.3,1.5,1.1,,,1.1,3.4,1.9,2.6,,2.9,3.4,2.5,1.8,,9.8,,,7.4,,2.4,81,66,85,72,,81,66,85,72,73,76,,68,35,53,,35,68,35,53,,70,,35,64,64,59,54,,,62,62,65,59,,59,39,28,33,,42,28,,45,44,34,49,66,66,48,,54,53,68,58,64,48,60,65,73,55,,,53,68,63,64,,48,67,63,44,,54,,,57,,48,1.2,0.1,1.1,1,1.9,0.4,1.5,3.5,0.6,3.1,6.7,7.6,5.7,8.3,0,0.6,1.1,0,8.6,21,10,25,15,20,30,40,45,35,20,35,35,30,10,0,30,20,15,35,20,30,45,25,35,35,10,20,20,10,100,65,90,95,65,65,35,0,0,0,0,30,35,35,0,0,0,55,35,10,0,0,0,50,45,5,0,0,0,5,60,25,10,0,0,1,1,1,2,2
3,26.3,6.1,24.8,6.8,15.5,5.1,10.4,80,68,69,45,62,73,58,31,9,35,14,24,7,18,28,6,26,6,17,6,11,16,3,11,1,6,1,4,31,7,27,999,11,6,5,4.85,1.65,6.59,3.7,5.48,1.8,4.39,3.7,3.9,4.4,14.4,,3.7,3.9,4.4,14.4,18.4,7.9,,2.1,1.4,4,,1.4,2.1,1.4,4,,4.8,,1.4,8.1,8.6,5.2,2.9,,,11.6,13.2,12.9,11.9,,2.7,1.8,1.9,0.5,,6,0.8,,2.1,2,2.8,3.9,4.9,4,3.4,,10.4,1.4,3.7,10.1,2.7,2.8,0.7,1.7,1.4,1.5,,,1.4,3.7,2.5,2.7,,3.2,3.3,2.7,1.9,,10.4,,,7.6,,2.8,91,77,87,76,,91,77,87,76,80,79,,70,45,67,,45,70,45,67,,79,,45,68,72,65,71,,,68,69,68,70,,66,45,37,23,,46,38,,51,49,39,55,70,67,56,,58,70,74,63,66,55,65,83,68,73,,,70,74,82,66,,53,65,66,48,,58,,,58,,55,0.8,0,0.6,0.7,1.7,0.6,1.1,2.3,0,1.7,4.7,6.6,7.9,6.1,0,0.5,0.8,0,7.1,15,35,45,30,35,45,55,40,25,20,20,20,10,10,10,25,20,35,35,35,25,45,15,15,15,10,10,10,5,100,90,100,100,75,80,20,0,0,0,0,35,55,10,0,0,0,65,35,0,0,0,0,60,40,0,0,0,0,20,55,25,0,0,0,2,1,1,2,1
3,24.8,5.8,23.2,6,12,3.9,8.2,75,64,64,40,48,55,45,31,9,32,12,20,7,13,26,6,23,6,12,3,8,15,3,12,3,6,1,4,999,7,23,4,9,3,999,4.27,1.89,5.21,2.55,3.76,1.66,2.39,3.3,3.5,4.3,13.7,,3.3,3.5,4.3,13.7,16.8,8,,2.1,1.2,3.7,,1.2,2.1,1.2,3.7,,4.6,,1.2,8,7.6,5.1,2.6,,,11.3,11.9,12.1,11.1,,2.1,1.4,1.8,0.8,,5.3,0.8,,2.1,1.7,2.3,3.1,3.8,3.1,2.6,,8.2,1.1,2.8,7.8,2.1,2.2,0.3,1.3,1.2,1.2,,,1.1,2.8,1.8,2.1,,2.8,2.6,1.9,1.5,,8.2,,,6,,2.2,83,70,86,72,,83,70,86,72,73,80,,68,40,62,,40,68,40,62,,76,,40,66,63,63,64,,,66,62,63,65,,53,35,35,38,,40,38,,51,41,33,44,54,51,43,,45,53,56,48,51,44,30,63,58,58,,,53,56,60,51,,46,51,48,36,,45,,,46,,44,0.9,0,0.9,0.9,2.2,0.6,1.6,2.6,0,2.5,6,8.8,8.6,8.9,0,0.7,1.1,0,9.3,21,10,45,10,20,5,20,10,30,15,30,30,35,10,10,35,10,50,50,45,55,75,25,30,10,0,15,15,5,100,50,85,100,65,60,40,0,0,0,0,15,35,50,0,0,0,45,40,15,0,0,0,70,30,0,0,0,0,30,35,30,5,0,0,1,1,2,1,1
1,24,5.5,21.6,5.5,12.4,3.6,8.8,73,61,60,37,49,51,49,30,9,32,11,23,7,18,26,6,23,7,13,4,9,14,1,9,0,7,1,4,999,6,27,7,15,5,6,4.75,2.24,6.14,2.96,4.5,1.76,3.55,3.2,3.3,4.4,13.3,,3.2,3.3,4.4,13.3,16.7,7.3,,1.9,0.9,3.6,,0.9,1.9,0.9,3.6,,4.6,,0.9,7.3,7.1,4.8,2.5,,,10.6,11.1,11.8,9.8,,2.4,1.1,1.4,0.6,,4.9,0.6,,2.1,1.8,1.7,3.3,3.7,3.5,2.6,,8.8,0.8,2.9,8.3,1.9,2.2,0.5,1.1,1,1.1,,,0.8,2.9,1.7,1.9,,2.8,2.6,2.5,1.5,,8.8,,,6.6,,2.2,79,65,87,70,,79,65,87,70,73,73,,63,30,60,,30,63,30,60,,77,,30,60,59,60,61,,,62,58,62,58,,60,28,28,30,,38,30,,51,45,24,46,52,58,42,,49,38,57,52,48,43,50,53,50,53,,,38,57,57,48,,46,52,63,38,,49,,,51,,43,1.1,0.1,1.3,1.1,2.2,0.5,1.7,3.2,0.6,3.5,7.3,8.6,7.1,9.2,0,0.9,1.2,0,12.1,24,10,30,5,10,5,10,15,25,25,30,45,40,30,10,40,15,35,25,20,30,65,25,30,30,20,35,30,10,100,85,95,100,80,65,35,0,0,0,0,40,45,15,0,0,0,50,45,5,0,0,0,65,35,0,0,0,0,45,35,20,0,0,0,2,1,2,2,2
3,24.8,6,22.6,6,13.9,4.6,9.4,75,66,63,40,56,65,52,32,9,35,12,22,7,15,24,7,24,5,14,5,9,20,3,11,1,6,2,3,999,7,18,3,14,5,9,3.73,1.7,6.79,3.3,4.55,1.43,3.72,3.2,3.5,4.4,13.7,,3.2,3.5,4.4,13.7,17.4,7.4,,2.1,1,3.9,,1,2.1,1,3.9,,5,,1,8.2,7.5,4.6,2.3,,,10.7,11.9,11.9,10.7,,2.3,1.7,1.4,0.6,,5.3,0.7,,1.9,1.9,2.3,3.8,4,3.8,2.8,,9.4,1.1,3.5,8.9,2.7,2.4,0.7,1.2,1.5,1.3,,,1.1,3.5,1.9,2.7,,3.2,2.8,2.4,1.5,,9.4,,,7,,2.4,80,69,88,72,,80,69,88,72,75,74,,70,33,64,,33,70,33,64,,82,,33,68,63,58,56,,,63,62,62,63,,58,43,27,30,,41,33,,46,46,32,54,57,63,46,,52,53,70,55,66,48,65,60,73,63,,,53,70,63,66,,52,56,59,38,,52,,,53,,48,0.9,0.1,1.1,1,1.9,0.4,1.5,2.6,0.6,2.9,6.3,7.6,5.7,8.3,0,0.8,1,0,11.4,20,15,50,15,20,20,25,25,15,5,25,25,40,30,30,50,25,40,45,25,40,30,20,20,20,10,15,5,15,100,85,95,95,55,60,40,0,0,0,0,30,55,10,5,0,0,65,30,5,0,0,0,60,35,0,5,0,0,15,40,40,5,0,0,2,2,2,3,3
2,24,5.1,21.7,5.5,12.8,4.3,8.6,73,56,60,36,51,61,47,33,7,36,13,22,7,15,25,6,21,5,15,5,10,11,2,12,0,2,1,1,28,7,999,999,15,999,999,5.36,1.76,6.81,3.73,6.05,1.86,4.48,3.1,3.5,4.2,13.3,,3.1,3.5,4.2,13.3,16.8,7.2,,1.7,0.8,3.4,,0.8,1.7,0.8,3.4,,4.3,,0.8,7.5,6.8,5,2.5,,,10,11.8,11.5,10.2,,2.3,1.4,1.3,0.6,,4.8,0.7,,1.4,1.6,2.5,3.7,3.4,3.3,3.2,,8.6,0.9,3.4,8.1,2.3,2.4,0.6,1,1.3,1.5,,,0.9,3.4,2,2.3,,3.2,2.4,2.1,1.7,,8.6,,,6.2,,2.4,76,70,84,70,,76,70,84,70,73,72,,57,27,56,,27,57,27,56,,71,,27,62,56,63,63,,,59,62,61,60,,58,34,25,28,,37,33,,34,40,36,53,48,55,53,,47,45,67,51,58,48,55,50,63,73,,,45,67,65,58,,52,47,51,43,,47,,,47,,48,0.9,0.1,1.3,0.7,2.1,0.6,1.5,2.6,0.6,3.5,4.7,8.2,8.6,8.1,0,0.5,0.9,0,6.4,18,15,30,10,25,30,30,30,20,20,25,15,25,20,0,30,5,35,40,15,30,50,35,45,30,20,30,20,20,100,70,100,95,90,35,65,0,0,0,0,35,35,30,0,0,0,55,45,0,0,0,0,45,50,5,0,0,0,15,75,10,0,0,0,2,2,2,2,2
1,26.6,6.5,23.8,7.3,14.2,5,9.2,81,72,66,49,57,71,51,32,9,32,12,24,7,17,28,7,24,7,14,5,10,21,4,14,2,5,2,2,29,6,999,7,12,5,10,3.08,1.57,5.43,3.13,4.79,1.34,3.87,3.5,4,4.4,14.8,,3.5,4,4.4,14.8,18.4,8.3,,2.4,1.3,4.2,,1.3,2.4,1.3,4.2,,5.2,,1.3,8.3,8.1,4.9,2.6,,,11.7,12.1,12.4,11.4,,2.6,1.9,1.9,1,,6.5,0.8,,2.2,2.2,3,3.7,4.2,4.1,3,,9.2,1.1,4,9,2.7,2.6,0.7,1.4,1.5,1.5,,,1.1,4,2.4,2.7,,3,2.9,2.6,1.5,,9.2,,,6.6,,2.6,88,79,88,78,,88,79,88,78,80,83,,78,43,69,,43,78,43,69,,87,,43,69,67,61,64,,,69,64,65,67,,64,48,38,48,,50,40,,54,54,43,52,60,68,50,,51,53,79,56,66,52,70,68,73,75,,,53,79,78,66,,49,57,65,38,,51,,,51,,52,0.5,0,0.7,1,1.7,0.3,1.5,1.5,0,1.8,6.3,6.8,3.6,8.1,0,0.9,1,0,12.9,20,10,50,20,35,25,35,25,50,25,25,30,30,30,10,35,10,40,30,30,30,55,5,15,15,5,15,5,10,100,60,95,100,75,90,10,0,0,0,0,30,30,35,5,0,0,55,40,5,0,0,0,65,35,0,0,0,0,15,60,15,10,0,0,1,1,2,3,2
4,22.4,5.1,20.7,5.4,12,4,8,68,56,57,36,48,56,44,31,8,33,11,22,7,16,23,4,22,6,9,4,7,14,3,10,0,3,0,3,24,4,22,4,8,5,4,5.31,1.73,6.51,3.15,5.92,1.79,4.51,2.9,3,4.2,12.3,,2.9,3,4.2,12.3,15.6,6.8,,2,1,3.1,,1,2,1,3.1,,4.1,,1,7.4,6.9,4.7,1.8,,,9.8,11,10.9,9.8,,2.1,1.7,1.4,0.3,,4.9,0.6,,1.7,1.6,2.2,3.3,3.2,3.2,2.8,,8,0.9,3.1,7.4,2.2,2.4,0.6,1.1,1.2,1.2,,,0.9,3.1,1.8,2.2,,2.8,2.2,2.1,1.6,,8,,,5.6,,2.4,73,59,84,65,,73,59,84,65,68,68,,67,32,51,,32,67,32,51,,68,,32,61,58,59,44,,,57,58,57,58,,51,43,27,15,,37,28,,41,40,31,47,46,53,47,,44,45,61,46,54,48,55,53,58,60,,,45,61,60,54,,46,43,51,40,,44,,,43,,48,1.4,0,1.2,0.8,2.2,0.8,1.4,4.2,0,3.2,5.3,8.6,10.7,7.8,0,0.7,0.7,0,9.3,14,15,25,10,20,25,20,25,5,20,15,30,20,25,5,35,0,40,30,10,30,35,45,55,35,20,45,25,35,90,65,95,95,50,60,30,10,0,0,0,25,40,25,10,0,0,40,55,5,0,0,0,50,45,5,0,0,0,10,40,40,10,0,0,1,1,2,1,1
1,25.2,6.2,22.3,6.9,13.4,4.9,8.6,76,68,62,46,54,69,48,33,9,33,13,22,7,15,26,6,23,8,14,5,8,14,2,8,2,3,0,3,31,6,999,999,17,5,999,5.35,1.69,7.99,3.38,4.77,1.9,3.36,3.2,3.5,4.2,14.4,,3.2,3.5,4.2,14.4,17.1,8.2,,2.4,1.3,3.8,,1.3,2.4,1.3,3.8,,4.9,,1.3,8.1,6.9,5,2.3,,,10.6,11.7,11.5,10.8,,2.6,1.5,2,0.8,,6.1,0.8,,2.1,1.8,3,3.7,3.8,3.7,3,,8.6,1.1,3.8,8.6,2.6,2.3,0.7,1.5,1.4,1.3,,,1.1,3.8,2.3,2.6,,3,2.4,2.3,1.7,,8.6,,,6.3,,2.3,79,70,83,76,,79,70,83,76,74,82,,80,42,63,,42,80,42,63,,82,,42,68,58,63,56,,,62,62,61,63,,65,38,40,38,,47,38,,51,45,43,52,54,61,50,,48,55,75,53,65,45,70,73,70,65,,,55,75,75,65,,49,47,56,43,,48,,,48,,45,0.7,0,0.7,0.3,1.8,0.4,1.4,2,0,1.8,2,7,5,7.8,0,0.3,1,0,4.3,20,25,40,25,35,15,35,20,25,30,20,30,35,35,0,25,15,25,25,35,20,70,25,15,30,10,15,10,10,95,90,95,100,70,65,30,5,0,0,0,30,60,5,5,0,0,55,40,5,0,0,0,70,30,0,0,0,0,25,45,25,5,0,0,1,2,2,2,2
3,24.5,5.8,24.5,6.8,13.9,4.7,9.2,74,64,68,45,55,67,51,30,8,32,13,19,7,15,25,6,25,6,14,5,9,17,1,12,4,7,3,3,999,999,32,4,999,5,999,3.9,1.79,5.8,2.92,3.9,1.17,3.54,3.3,3.6,4.2,13.5,,3.3,3.6,4.2,13.5,17.1,7.4,,2.1,1.1,3.8,,1.1,2.1,1.1,3.8,,4.7,,1.1,8.7,8.2,5,2.7,,,11.8,12.7,12.9,11.7,,2.7,1.5,1.8,0.9,,6.1,0.7,,2,1.8,3,4,4.2,3.5,3,,9.2,1,3.8,8.9,2.6,2.4,0.8,1.4,1.4,1.2,,,1,3.8,2.2,2.6,,3.2,2.8,2.1,1.8,,9.2,,,6.8,,2.4,81,72,84,71,,81,72,84,71,74,74,,68,37,62,,37,68,37,62,,78,,37,72,68,63,68,,,69,67,68,69,,66,36,35,45,,47,35,,50,44,43,57,59,57,49,,51,48,75,56,64,48,80,68,70,58,,,48,75,72,64,,53,56,51,45,,51,,,52,,48,1.2,0,0.8,0.7,2,0.3,1.7,3.5,0,2.1,4.7,8,4.3,9.4,0,0.5,1.1,0,7.1,21,10,40,20,25,20,25,35,30,25,30,30,30,35,0,35,15,35,45,40,40,55,25,20,15,0,10,0,10,100,45,100,100,80,65,35,0,0,0,0,30,15,50,5,0,0,55,45,0,0,0,0,60,40,0,0,0,0,30,50,15,5,0,0,3,2,2,3,3
1,23.8,5.7,20.9,6.2,12.2,4.2,8,72,63,58,41,49,59,44,31,9,33,12,21,7,14,26,6,20,6,13,4,8,12,1,7,1,4,1,3,26,999,20,999,7,4,12,5,2.3,7.73,3.59,4.88,1.84,3.7,3.1,3.2,4.4,13.1,,3.1,3.2,4.4,13.1,16.5,7.4,,1.8,1.2,3.9,,1.2,1.8,1.2,3.9,,4.5,,1.2,7.5,7.4,4,2,,,9.4,11.5,11.3,9.6,,2.5,1.4,1.5,0.8,,5.6,0.6,,2.1,1.6,2.5,3.3,3.4,3.5,2.6,,8,1,3.2,8.1,2.4,1.8,0.5,1.3,1.3,1.2,,,1,3.2,1.8,2.4,,2.8,2.1,2.3,1.4,,8,,,6.3,,1.8,78,64,88,69,,78,64,88,69,72,74,,60,38,64,,38,60,38,64,,75,,38,63,61,50,50,,,55,60,59,56,,63,34,30,40,,43,28,,53,39,36,46,48,58,43,,44,48,64,50,59,35,45,63,63,60,,,48,64,60,59,,47,42,56,35,,44,,,48,,35,1.3,0,1.2,0.3,2.1,0.4,1.8,3.8,0,3.3,2,8.4,5,9.7,0,0.2,1.2,0,2.9,24,15,45,20,35,15,25,30,15,5,10,20,35,20,10,45,20,30,25,15,30,35,25,30,40,20,35,25,25,100,75,90,100,75,40,60,0,0,0,0,30,45,20,5,0,0,45,45,10,0,0,0,65,35,0,0,0,0,0,75,15,10,0,0,2,1,2,3,2
3,24.3,5.1,22,6.3,12.3,4,8.3,73,56,61,42,49,56,46,31,8,34,13,23,7,17,24,5,23,6,12,4,9,18,1,9,2,3,1,2,29,5,24,6,999,4,999,4.18,1.43,6.67,2.85,4.92,1.47,3.96,3.3,3.4,4.5,13.2,,3.3,3.4,4.5,13.2,17,7.3,,2.2,0.7,2.9,,0.7,2.2,0.7,2.9,,4.4,,0.7,8,7.4,4.4,2.3,,,10.1,11.9,11.8,10.3,,2.6,1.5,1.7,0.6,,5.7,0.6,,2.3,2,2.1,2.7,4.2,3.4,2.6,,8.3,0.8,3.2,8.2,2.1,2,0.3,1.3,1.2,1.2,,,0.8,3.2,1.9,2.1,,2.4,2.9,2.2,1.4,,8.3,,,6.3,,2,81,68,89,69,,81,68,89,69,74,73,,73,22,48,,22,73,22,48,,73,,22,66,61,55,58,,,59,63,62,60,,65,36,34,28,,44,30,,58,49,29,39,60,57,43,,46,40,63,51,51,40,30,65,60,58,,,40,63,63,51,,40,58,55,35,,46,,,48,,40,1.1,0.1,1.3,0.7,1.8,0.3,1.5,3.2,0.6,3.5,4.7,7,3.6,8.3,0,0.6,1,0,8.6,20,5,10,15,20,10,10,25,35,20,15,45,35,25,10,35,50,45,25,25,45,45,25,20,25,10,30,20,20,100,70,95,95,70,35,65,0,0,0,0,25,45,25,5,0,0,35,60,0,5,0,0,70,25,5,0,0,0,15,55,20,10,0,0,2,2,2,3,2
1,23.9,5.3,23.2,6.1,12.6,4.1,8.5,72,59,64,41,50,59,47,32,8,34,13,22,6,18,23,6,24,7,14,4,9,17,2,12,1,3,1,2,23,6,999,8,14,999,10,4.26,1.84,6.31,3.58,5.15,1.52,4.26,3.1,3.4,4.3,13.2,,3.1,3.4,4.3,13.2,16.5,7.4,,1.9,1,3.5,,1,1.9,1,3.5,,4.3,,1,8.3,7.6,5.1,2.4,,,11.6,11.6,12.2,11.1,,2.3,1.8,1.3,0.8,,5.3,0.8,,1.7,2.1,2.4,2.9,3.9,3.4,2.9,,8.5,1.1,3.1,8.3,2.2,2.1,0.5,1.3,1.1,1.3,,,1.1,3.1,1.9,2.2,,2.4,2.7,2.3,1.7,,8.5,,,6.4,,2.1,76,67,86,69,,76,67,86,69,72,74,,62,33,58,,33,62,33,58,,72,,33,69,63,63,59,,,68,61,64,65,,58,44,25,40,,41,40,,43,51,34,41,56,56,48,,47,53,61,52,55,42,50,63,55,63,,,53,61,63,55,,40,53,56,41,,47,,,49,,42,1,0.1,0.8,0.6,2.2,0.4,1.8,2.9,0.6,2.2,4,8.6,5.7,9.7,0.1,0.4,1.3,1.7,5.7,26,10,30,10,25,15,20,25,15,30,35,30,45,25,0,45,10,35,25,10,35,50,30,30,20,20,30,20,25,100,75,100,95,70,60,40,0,0,0,0,20,55,25,0,0,0,55,45,0,0,0,0,75,20,5,0,0,0,30,40,30,0,0,0,2,2,2,2,3
1,26.4,6.6,21.9,7.8,13.6,4.3,9.3,80,73,61,52,54,61,51,32,8,34,12,19,6,15,28,7,22,7,14,4,9,14,4,12,3,7,2,4,28,8,22,999,999,999,999,4.36,1.23,5.61,2.73,3.8,1.03,3.21,3.5,3.8,4.6,14.6,,3.5,3.8,4.6,14.6,18.6,7.9,,2.3,1.3,4.4,,1.3,2.3,1.3,4.4,,5.3,,1.3,7.3,7.5,4.9,2.3,,,10.6,11.3,11.5,10.4,,2.8,2.2,1.9,1,,6.9,1,,2.3,2.2,3.4,3.8,3.4,4.2,2.9,,9.3,0.6,3.7,8.4,2.4,2.8,0.6,0.9,1.6,1.3,,,0.6,3.7,1.9,2.4,,3.2,2.5,2.6,1.6,,9.3,,,6.5,,2.8,86,76,91,77,,86,76,91,77,81,79,,75,43,72,,43,75,43,72,,88,,43,61,62,61,56,,,62,59,61,61,,69,55,37,50,,53,48,,56,54,49,54,48,69,47,,51,30,74,53,60,55,55,45,80,63,,,30,74,63,60,,53,49,64,40,,51,,,50,,55,0.7,0,0.6,0.4,1.3,0.2,1.1,2.1,0,1.7,2.7,5,2.1,6.1,0,0.3,0.5,0,4.3,10,15,55,10,35,20,10,30,50,25,15,40,30,35,15,25,15,60,25,40,50,50,10,5,15,0,10,5,5,100,75,100,95,70,65,35,0,0,0,0,25,50,15,10,0,0,65,35,0,0,0,0,55,40,5,0,0,0,10,60,30,0,0,0,1,2,1,2,1
2,25.9,5.9,23.3,7,13.8,4.4,9.4,78,66,65,46,55,62,52,31,9,32,13,21,7,15,27,6,24,7,13,4,9,13,3,12,2,7,2,4,999,6,23,999,11,4,8,4.2,1.55,6.27,3.1,3.99,1.57,3.02,3.3,3.9,4.6,14.2,,3.3,3.9,4.6,14.2,18.1,7.9,,2,1,4,,1,2,1,4,,4.9,,1,8.3,7,5.2,2.8,,,11.5,11.8,12,11.3,,2.5,1.9,1.8,0.8,,6.2,0.8,,2.3,2.3,2.5,3.8,4,3.9,2.9,,9.4,0.9,3.5,9,2.5,2.3,0.7,1.1,1.3,1.3,,,0.9,3.5,1.9,2.5,,3.2,2.9,2.6,1.6,,9.4,,,7.1,,2.3,83,77,91,75,,83,77,91,75,78,79,,65,33,66,,33,65,33,66,,82,,33,69,58,65,69,,,68,62,63,66,,63,48,35,40,,48,38,,56,56,35,54,56,64,48,,52,43,70,56,61,46,65,55,65,65,,,43,70,63,61,,52,57,64,40,,52,,,55,,46,0.8,0,0.6,0.3,1.8,0.4,1.4,2.4,0,1.5,2,7,5,7.8,0,0.3,0.9,0,4.3,18,15,25,15,30,20,25,35,35,35,30,35,25,20,10,45,25,30,25,50,40,50,5,15,25,10,5,15,5,100,60,90,95,45,55,45,0,0,0,0,25,35,35,5,0,0,30,60,10,0,0,0,40,55,5,0,0,0,5,40,45,10,0,0,1,1,1,3,1
3,24.1,5.4,22,6.1,11.5,3.8,7.7,73,60,61,41,46,54,43,30,8,28,10,19,6,14,24,6,23,7,12,4,9,18,2,14,3,3,2,1,24,6,23,7,999,999,9,3.08,1.39,3.9,2,4.05,1.32,3.37,3.2,3.2,4.5,13.3,,3.2,3.2,4.5,13.3,16.9,7.3,,2,1.1,3.5,,1.1,2,1.1,3.5,,4.3,,1.1,8.1,7,4.9,2.1,,,9.8,12.2,12,10,,2.6,1.4,1.4,0.7,,5.3,0.8,,1.6,2.1,2.5,3.3,3.4,3.1,2.5,,7.7,0.7,3.1,7.6,2.3,1.7,0.6,1.2,1,1.1,,,0.7,3.1,1.5,2.3,,2.7,2.3,2.1,1.4,,7.7,,,6.1,,1.7,79,63,90,70,,79,63,90,70,73,73,,65,37,58,,37,65,37,58,,72,,37,67,58,61,51,,,58,64,63,59,,65,35,28,35,,41,40,,39,51,36,46,49,52,41,,43,35,62,47,58,33,60,58,50,53,,,35,62,50,58,,44,45,53,35,,43,,,47,,33,1,0,0.7,0.4,2.1,0.3,1.8,2.9,0,1.8,2.7,8.2,3.6,10,0,0.3,1.4,0,3.6,28,5,20,0,10,10,10,10,15,30,30,55,20,25,25,65,25,60,35,55,45,50,15,25,10,0,15,20,15,100,65,80,95,65,50,50,0,0,0,0,10,55,30,5,0,0,35,45,20,0,0,0,60,35,5,0,0,0,30,35,25,10,0,0,2,1,2,1,2
4,24.7,5.4,21.8,5.7,13.2,4,9.2,75,59,61,38,53,57,51,32,9,31,11,21,7,15,26,5,25,6,14,4,9,11,2,10,0,4,1,3,29,999,999,3,999,5,9,5.7,1.84,7.23,3.06,4.84,1.92,3.44,3.2,3.5,4.3,13.8,,3.2,3.5,4.3,13.8,17,7.8,,2,0.9,3.4,,0.9,2,0.9,3.4,,4.5,,0.9,7.2,7.5,4.6,2.6,,,10.1,11.7,11.9,10,,2.2,1.6,1.5,0.5,,5.2,0.6,,1.6,1.6,2.5,3.6,3.9,3.4,3,,9.2,0.9,3.1,8.7,2.3,2.2,0.6,1.1,1.2,1.2,,,0.9,3.1,1.7,2.3,,3.1,2.9,2.2,1.8,,9.2,,,7,,2.2,79,70,86,72,,79,70,86,72,74,78,,67,30,56,,30,67,30,56,,74,,30,60,62,58,64,,,59,62,62,59,,54,39,30,25,,40,28,,40,40,36,51,56,57,49,,51,45,62,54,58,43,55,53,60,60,,,45,62,57,58,,51,57,55,44,,51,,,54,,43,0.8,0,1.2,0.7,1.6,0.3,1.3,2.4,0,3.2,4.3,6.4,4.3,7.2,0,0.6,0.8,0,7.9,15,10,25,15,20,25,20,25,35,20,35,30,30,25,20,40,20,15,40,30,35,45,15,35,35,10,15,20,10,100,85,95,100,65,70,30,0,0,0,0,35,50,15,0,0,0,50,45,5,0,0,0,50,50,0,0,0,0,30,35,30,5,0,0,2,1,2,2,1
4,23.6,6,23,5.9,12.7,3.9,8.8,72,66,64,39,51,55,49,30,8,35,10,21,6,16,24,6,25,6,14,4,9,15,1,8,2,5,1,3,999,6,29,999,15,5,12,4.35,1.93,7.57,2.45,4.85,1.5,3.9,3.3,3.3,4.3,12.8,,3.3,3.3,4.3,12.8,16.4,7.2,,2.3,1.1,3.7,,1.1,2.3,1.1,3.7,,4.9,,1.1,8.5,7.5,5,2.2,,,11.1,11.9,12,11.1,,2.2,1.4,1.5,0.9,,5.2,0.8,,1.9,1.7,2.3,3.3,3.7,3.4,2.8,,8.8,1,2.9,8.5,2,2.2,0.3,1.1,1.1,1.4,,,1,2.9,1.9,2,,3,2.6,2.3,1.4,,8.8,,,6.6,,2.2,81,65,86,67,,81,65,86,67,71,72,,77,37,61,,37,77,37,61,,81,,37,70,62,62,54,,,65,63,63,65,,55,34,29,45,,40,38,,48,43,33,47,52,56,47,,49,48,58,53,50,44,30,55,53,70,,,48,58,62,50,,50,51,58,35,,49,,,51,,44,0.9,0.1,0.9,0.6,1.7,0.3,1.4,2.6,0.6,2.4,3.7,6.8,4.3,7.8,0,0.4,1,0,5.7,19,5,40,15,15,10,10,30,20,40,35,45,40,30,10,45,5,15,20,20,40,40,30,15,35,20,30,20,20,95,65,90,95,70,70,25,5,0,0,0,10,55,20,15,0,0,40,50,10,0,0,0,75,20,5,0,0,0,10,60,30,0,0,0,2,1,3,2,2
3,25.1,6.2,24.4,7,13.8,4.5,9.3,76,68,68,47,55,64,51,31,8,32,13,21,7,14,26,6,25,8,15,5,10,14,5,12,0,6,1,4,29,6,24,8,11,5,10,4.22,0.88,5.43,2.97,3.96,1.5,2.94,3,3.7,4.6,13.8,,3,3.7,4.6,13.8,17.9,7.2,,2.4,1.3,3.8,,1.3,2.4,1.3,3.8,,4.9,,1.3,8.1,7.9,5.6,2.9,,,12.3,12.1,12.5,11.9,,2.7,1.7,1.8,0.9,,6.3,0.8,,2.4,1.7,3,3.3,4.1,4.1,3,,9.3,1,3.5,8.6,2.2,3.1,0.5,1.4,1.3,1.4,,,1,3.5,2.4,2.2,,2.8,2.8,2.8,1.7,,9.3,,,6.2,,3.1,75,74,91,73,,75,74,91,73,78,72,,78,42,63,,42,78,42,63,,82,,42,67,65,69,73,,,72,64,66,70,,66,43,35,45,,48,38,,59,41,43,46,59,68,50,,51,50,70,53,54,61,50,68,65,68,,,50,70,78,54,,46,55,70,41,,51,,,48,,61,1,0,0.5,0.4,1,0.3,0.7,3,0,1.3,2.3,3.8,3.6,3.9,0,0.2,0.4,0,2.9,7,5,35,20,25,20,20,25,40,40,30,50,35,35,10,35,25,35,20,30,35,60,20,0,15,5,15,10,5,100,85,100,100,70,70,30,0,0,0,0,30,55,15,0,0,0,35,65,0,0,0,0,60,40,0,0,0,0,10,60,25,5,0,0,2,3,1,3,3
3,25.5,6.3,24.8,6.8,14.5,4.7,9.8,77,69,69,45,58,67,54,32,9,32,13,22,7,15,25,7,26,7,14,5,9,19,3,15,2,8,2,5,999,7,999,9,999,6,999,3.62,1.8,5.24,3.04,4.16,1.34,3.18,3,3.7,4.5,14.3,,3,3.7,4.5,14.3,17.2,8.3,,2.3,1.5,4,,1.5,2.3,1.5,4,,4.8,,1.5,8.8,8,5.4,2.7,,,11.8,13,13.3,11.6,,3,1.9,1.3,0.6,,6.1,0.7,,1.7,2.1,3.1,3.9,4.4,4,2.9,,9.8,1,3.8,9,2.8,2.7,0.7,1.2,1.5,1.4,,,1,3.8,1.9,2.8,,3.3,3.2,2.5,1.5,,9.8,,,7.1,,2.7,75,74,90,75,,75,74,90,75,75,83,,77,48,66,,48,77,48,66,,80,,48,73,66,68,68,,,69,68,70,68,,74,48,26,30,,47,35,,41,51,44,56,62,66,47,,54,48,75,56,70,54,65,58,75,70,,,48,75,63,70,,54,64,61,36,,54,,,54,,54,0.7,0.1,0.5,0.6,1.4,0.2,1.2,2,0.6,1.4,3.7,5.4,2.9,6.4,0,0.4,0.7,0,5.7,14,15,55,20,40,30,35,35,20,10,40,20,20,20,20,50,10,25,35,45,40,45,15,25,15,5,5,5,0,95,80,100,90,85,85,10,5,0,0,0,40,40,15,5,0,0,55,45,0,0,0,0,55,35,10,0,0,0,20,65,15,0,0,0,2,1,2,2,2
