H27_地域規模,H27_正答数_国A,H27_正答数_国B,H27_正答数_算A,H27_正答数_算B,H27_正答数_理,H27_正答数_理A,H27_正答数_理B,H27_正答率_国A,H27_正答率_国B,H27_正答率_算A,H27_正答率_算B,H27_正答率_理,H27_正答率_理A,H27_正答率_理B,H27_第１四分位_国A,H27_第１四分位_国B,H27_第１四分位_算A,H27_第１四分位_算B,H27_第１四分位_理,H27_第１四分位_理A,H27_第１四分位_理B,H27_第２四分位_国A,H27_第２四分位_国B,H27_第２四分位_算A,H27_第２四分位_算B,H27_第２四分位_理,H27_第２四分位_理A,H27_第２四分位_理B,H27_第３四分位_国A,H27_第３四分位_国B,H27_第３四分位_算A,H27_第３四分位_算B,H27_第３四分位_理,H27_第３四分位_理A,H27_第３四分位_理B,H27_最頻値_国A,H27_最頻値_国B,H27_最頻値_算A,H27_最頻値_算B,H27_最頻値_理,H27_最頻値_理A,H27_最頻値_理B,H27_標準偏差_国A,H27_標準偏差_国B,H27_標準偏差_算A,H27_標準偏差_算B,H27_標準偏差_理,H27_標準偏差_理A,H27_標準偏差_理B,H27_正答数_国A_領域1,H27_正答数_国A_領域2,H27_正答数_国A_領域3,H27_正答数_国A_領域4,H27_正答数_国A_観点1,H27_正答数_国A_観点2,H27_正答数_国A_観点3,H27_正答数_国A_観点4,H27_正答数_国A_観点5,H27_正答数_国A_形式1,H27_正答数_国A_形式2,H27_正答数_国A_形式3,H27_正答数_国B_領域1,H27_正答数_国B_領域2,H27_正答数_国B_領域3,H27_正答数_国B_領域4,H27_正答数_国B_観点1,H27_正答数_国B_観点2,H27_正答数_国B_観点3,H27_正答数_国B_観点4,H27_正答数_国B_観点5,H27_正答数_国B_形式1,H27_正答数_国B_形式2,H27_正答数_国B_形式3,H27_正答数_算A_領域1,H27_正答数_算A_領域2,H27_正答数_算A_領域3,H27_正答数_算A_領域4,H27_正答数_算A_観点1,H27_正答数_算A_観点2,H27_正答数_算A_観点3,H27_正答数_算A_観点4,H27_正答数_算A_形式1,H27_正答数_算A_形式2,H27_正答数_算A_形式3,H27_正答数_算B_領域1,H27_正答数_算B_領域2,H27_正答数_算B_領域3,H27_正答数_算B_領域4,H27_正答数_算B_観点1,H27_正答数_算B_観点2,H27_正答数_算B_観点3,H27_正答数_算B_観点4,H27_正答数_算B_形式1,H27_正答数_算B_形式2,H27_正答数_算B_形式3,H27_正答数_理_領域1,H27_正答数_理_領域2,H27_正答数_理_領域3,H27_正答数_理_領域4,H27_正答数_理_観点1,H27_正答数_理_観点2,H27_正答数_理_観点3,H27_正答数_理_観点4,H27_正答数_理_形式1,H27_正答数_理_形式2,H27_正答数_理_形式3,H27_正答数_理A_領域1,H27_正答数_理A_領域2,H27_正答数_理A_領域3,H27_正答数_理A_領域4,H27_正答数_理A_観点1,H27_正答数_理A_観点2,H27_正答数_理A_観点3,H27_正答数_理A_観点4,H27_正答数_理A_形式1,H27_正答数_理A_形式2,H27_正答数_理A_形式3,H27_正答数_理B_領域1,H27_正答数_理B_領域2,H27_正答数_理B_領域3,H27_正答数_理B_領域4,H27_正答数_理B_観点1,H27_正答数_理B_観点2,H27_正答数_理B_観点3,H27_正答数_理B_観点4,H27_正答数_理B_形式1,H27_正答数_理B_形式2,H27_正答数_理B_形式3,H27_正答率_国A_領域1,H27_正答率_国A_領域2,H27_正答率_国A_領域3,H27_正答率_国A_領域4,H27_正答率_国A_観点1,H27_正答率_国A_観点2,H27_正答率_国A_観点3,H27_正答率_国A_観点4,H27_正答率_国A_観点5,H27_正答率_国A_形式1,H27_正答率_国A_形式2,H27_正答率_国A_形式3,H27_正答率_国B_領域1,H27_正答率_国B_領域2,H27_正答率_国B_領域3,H27_正答率_国B_領域4,H27_正答率_国B_観点1,H27_正答率_国B_観点2,H27_正答率_国B_観点3,H27_正答率_国B_観点4,H27_正答率_国B_観点5,H27_正答率_国B_形式1,H27_正答率_国B_形式2,H27_正答率_国B_形式3,H27_正答率_算A_領域1,H27_正答率_算A_領域2,H27_正答率_算A_領域3,H27_正答率_算A_領域4,H27_正答率_算A_観点1,H27_正答率_算A_観点2,H27_正答率_算A_観点3,H27_正答率_算A_観点4,H27_正答率_算A_形式1,H27_正答率_算A_形式2,H27_正答率_算A_形式3,H27_正答率_算B_領域1,H27_正答率_算B_領域2,H27_正答率_算B_領域3,H27_正答率_算B_領域4,H27_正答率_算B_観点1,H27_正答率_算B_観点2,H27_正答率_算B_観点3,H27_正答率_算B_観点4,H27_正答率_算B_形式1,H27_正答率_算B_形式2,H27_正答率_算B_形式3,H27_正答率_理_領域1,H27_正答率_理_領域2,H27_正答率_理_領域3,H27_正答率_理_領域4,H27_正答率_理_観点1,H27_正答率_理_観点2,H27_正答率_理_観点3,H27_正答率_理_観点4,H27_正答率_理_形式1,H27_正答率_理_形式2,H27_正答率_理_形式3,H27_正答率_理A_領域1,H27_正答率_理A_領域2,H27_正答率_理A_領域3,H27_正答率_理A_領域4,H27_正答率_理A_観点1,H27_正答率_理A_観点2,H27_正答率_理A_観点3,H27_正答率_理A_観点4,H27_正答率_理A_形式1,H27_正答率_理A_形式2,H27_正答率_理A_形式3,H27_正答率_理B_領域1,H27_正答率_理B_領域2,H27_正答率_理B_領域3,H27_正答率_理B_領域4,H27_正答率_理B_観点1,H27_正答率_理B_観点2,H27_正答率_理B_観点3,H27_正答率_理B_観点4,H27_正答率_理B_形式1,H27_正答率_理B_形式2,H27_正答率_理B_形式3,H27_無解答数_国A,H27_無解答数_国B,H27_無解答数_算A,H27_無解答数_算B,H27_無解答数_理,H27_無解答数_理A,H27_無解答数_理B,H27_無解答率_国A,H27_無解答率_国B,H27_無解答率_算A,H27_無解答率_算B,H27_無解答率_理,H27_無解答率_理A,H27_無解答率_理B,H27_無解答数_国B_記述式,H27_無解答数_算B_記述式,H27_無解答数_理_記述式,H27_無解答率_国B_記述式,H27_無解答率_算B_記述式,H27_無解答率_理_記述式,H27_割合_国A_A層,H27_割合_国A_B層,H27_割合_国A_C層,H27_割合_国A_D層,H27_割合_国B_A層,H27_割合_国B_B層,H27_割合_国B_C層,H27_割合_国B_D層,H27_割合_算A_A層,H27_割合_算A_B層,H27_割合_算A_C層,H27_割合_算A_D層,H27_割合_算B_A層,H27_割合_算B_B層,H27_割合_算B_C層,H27_割合_算B_D層,H27_割合_理_A層,H27_割合_理_B層,H27_割合_理_C層,H27_割合_理_D層,H27_割合_理A_A層,H27_割合_理A_B層,H27_割合_理A_C層,H27_割合_理A_D層,H27_割合_理B_A層,H27_割合_理B_B層,H27_割合_理B_C層,H27_割合_理B_D層,H27_児童質問紙回答割合_001,H27_児童質問紙回答割合_002,H27_児童質問紙回答割合_003,H27_児童質問紙回答割合_004,H27_児童質問紙回答割合_005,H27_児童質問紙回答割合_当日実施のみ_001_1,H27_児童質問紙回答割合_当日実施のみ_001_2,H27_児童質問紙回答割合_当日実施のみ_001_3,H27_児童質問紙回答割合_当日実施のみ_001_4,H27_児童質問紙回答割合_当日実施のみ_001_9,H27_児童質問紙回答割合_当日実施のみ_001_0,H27_児童質問紙回答割合_当日実施のみ_002_1,H27_児童質問紙回答割合_当日実施のみ_002_2,H27_児童質問紙回答割合_当日実施のみ_002_3,H27_児童質問紙回答割合_当日実施のみ_002_4,H27_児童質問紙回答割合_当日実施のみ_002_9,H27_児童質問紙回答割合_当日実施のみ_002_0,H27_児童質問紙回答割合_当日実施のみ_003_1,H27_児童質問紙回答割合_当日実施のみ_003_2,H27_児童質問紙回答割合_当日実施のみ_003_3,H27_児童質問紙回答割合_当日実施のみ_003_4,H27_児童質問紙回答割合_当日実施のみ_003_9,H27_児童質問紙回答割合_当日実施のみ_003_0,H27_児童質問紙回答割合_当日実施のみ_004_1,H27_児童質問紙回答割合_当日実施のみ_004_2,H27_児童質問紙回答割合_当日実施のみ_004_3,H27_児童質問紙回答割合_当日実施のみ_004_4,H27_児童質問紙回答割合_当日実施のみ_004_9,H27_児童質問紙回答割合_当日実施のみ_004_0,H27_児童質問紙回答割合_当日実施のみ_005_1,H27_児童質問紙回答割合_当日実施のみ_005_2,H27_児童質問紙回答割合_当日実施のみ_005_3,H27_児童質問紙回答割合_当日実施のみ_005_4,H27_児童質問紙回答割合_当日実施のみ_005_9,H27_児童質問紙回答割合_当日実施のみ_005_0,H27_学校質問紙回答_016,H27_学校質問紙回答_017,H27_学校質問紙回答_018,H27_学校質問紙回答_019,H27_学校質問紙回答_020
3,10.5,6.05,12.35,7.2,14.55,5.25,9.3,75,67,77,55,61,58,62,14,9,16,10,20,8,13,11,7,13,8,15,5,9,8,2,7,2,8,3,4,11,7,12,10,15,6,9,1.54,2.37,2.32,2.46,3.17,1.33,2.62,0.7,0.75,2.75,7.2,,0.7,0.75,2.75,7.2,5.2,5.3,,,3.8,4.3,,2.5,,3.8,4.3,,1.95,1.6,2.5,5.75,2.1,2.75,1.75,,,5.55,6.8,3.55,8.8,,2.25,1.6,3.7,1.6,,4.2,1.4,1.6,2.5,2.7,2,3.9,3.95,3.5,4.45,,9.3,2.35,2.9,11.25,1.7,1.6,1.9,,1.5,1.85,,,2.35,2.9,3.55,1.7,,2,3.95,2,2.6,,9.3,,,7.7,,1.6,70,75,69,80,,70,75,69,80,74,76,,,63,72,,63,,63,72,,65,80,63,82,70,69,88,,,79,76,71,80,,56,53,53,53,,47,70,80,83,54,40,56,66,58,64,,62,47,73,62,57,53,63,,50,62,,,47,73,59,57,,50,66,67,65,,62,,,64,,53,0.25,0.6,0.25,0.75,0.75,0.6,0.15,1.785714286,6.666666666,1.5625,5.769230769,3.125,6.666666666,1,0.25,0.65,0.1,8.333333333,13,3.333333333,20,55,25,0,25,45,10,20,20,30,40,10,50,25,20,5,10,45,30,15,15,30,45,10,20,5,60,15,100,75,90,100,40,75,25,0,0,0,0,30,45,20,5,0,0,55,35,5,5,0,0,45,55,0,0,0,0,20,20,60,0,0,0,1,2,1,1,2
3,9.55,5.4,12.15,6.1,14.15,4.65,9.5,68,60,76,47,59,52,63,14,9,16,10,21,7,14,10,6,13,6,14,4,10,4,1,8,2,8,2,4,12,7,13,,19,4,11,2.74,2.06,2.37,2.51,4.27,1.6,3.05,0.45,0.85,2.05,6.85,,0.45,0.85,2.05,6.85,4.45,5.1,,,3.15,3.75,,1.65,,3.15,3.75,,2.2,1.55,1.65,5.8,1.95,2.6,1.8,,,5.7,6.45,3.5,8.65,,2.05,1.2,3.15,1.4,,3.45,1.2,1.45,2.1,2.3,1.7,3.85,4.35,3.55,3.65,,9.5,2.45,2.2,10.85,1.75,1.55,1.9,,1.45,1.3,,,2.45,2.2,2.9,1.75,,1.95,4.35,2.1,2.35,,9.5,,,7.95,,1.55,45,85,51,76,,45,85,51,76,64,73,,,52,63,,41,,52,63,,73,78,41,83,65,65,90,,,81,72,70,79,,51,40,45,47,,38,60,73,70,46,34,55,72,59,52,,63,49,55,60,58,52,63,,48,43,,,49,55,48,58,,49,72,70,59,,63,,,66,,52,0.25,0.5,0.1,0.8,0.5,0.5,0,1.785714286,5.555555555,0.625,6.153846153,2.083333333,5.555555555,0,0.3,0.65,0,9.999999999,13,0,35,15,25,25,5,55,20,20,15,40,25,20,35,20,25,20,25,20,30,25,20,10,50,20,25,10,40,25,100,75,85,90,85,85,15,0,0,0,0,40,35,25,0,0,0,40,45,15,0,0,0,65,25,10,0,0,0,35,50,15,0,0,0,2,1,2,2,2
4,9.4,6,11.7,5.95,13.75,5.15,8.6,67,67,73,46,57,57,57,14,9,15,10,20,8,14,10,6,13,6,15,6,9,5,1,7,2,5,2,3,,5,14,,17,6,,2.6,2.15,2.36,2.28,4.41,1.69,3.22,0.75,0.8,2.1,6.35,,0.75,0.8,2.1,6.35,4.5,4.9,,,3.9,4.15,,2.45,,3.9,4.15,,2.2,1.35,2.45,5.55,1.8,2.7,1.65,,,5,6.7,3.55,8.15,,1.9,0.95,3.6,0.9,,3.65,0.75,1.55,2.25,1.75,1.95,3.85,3.45,3.55,3.9,,8.6,2.2,2.95,10.4,1.9,1.45,1.85,,1.7,1.6,,,2.2,2.95,3.25,1.9,,2,3.45,1.85,2.3,,8.6,,,7.15,,1.45,75,80,53,71,,75,80,53,71,64,70,,,65,69,,61,,65,69,,73,68,61,79,60,68,83,,,71,74,71,74,,48,32,51,30,,41,38,78,75,35,39,55,58,59,56,,57,44,74,58,63,48,62,,57,53,,,44,74,54,63,,50,58,62,58,,57,,,60,,48,0.45,0.4,0.15,0.65,0.5,0.3,0.2,3.214285714,4.444444444,0.9375,5,2.083333333,3.333333333,1.333333333,0.15,0.5,0.1,5,10,3.333333333,20,40,10,30,25,35,30,10,5,45,25,25,25,30,30,15,15,35,25,25,15,35,35,15,20,15,40,25,100,80,90,100,70,65,35,0,0,0,0,40,40,20,0,0,0,60,30,10,0,0,0,60,40,0,0,0,0,15,55,25,5,0,0,2,2,1,2,2
3,10,5.75,11.4,5.7,15.25,5.65,9.6,71,64,71,44,64,63,64,13,8,16,9,22,9,15,10,6,11,6,15,6,9,7,2,8,2,9,1,5,,6,,3,,5,9,1.84,1.48,2.89,2.27,3.71,1.79,2.5,0.65,0.7,2.1,7.2,,0.65,0.7,2.1,7.2,4.35,5.65,,,3.4,4.25,,2.25,,3.4,4.25,,1.9,1.6,2.25,5.9,1.95,1.95,1.6,,,5.45,5.95,2.95,8.45,,1.45,1.2,3.3,1.15,,2.85,1.25,1.6,2.1,2.15,1.45,4.3,4.05,4.2,4.15,,9.6,3,2.65,11.4,2,1.85,2,,2,1.65,,,3,2.65,3.65,2,,2.3,4.05,2.2,2.5,,9.6,,,7.75,,1.85,65,70,53,80,,65,70,53,80,62,81,,,57,71,,56,,57,71,,63,80,56,84,65,49,80,,,78,66,59,77,,36,40,47,38,,32,63,80,70,43,29,61,67,70,59,,64,60,66,63,67,62,67,,67,55,,,60,66,61,67,,58,67,73,63,,64,,,65,,62,0.35,0.2,0.25,0.85,0.35,0.2,0.15,2.5,2.222222222,1.5625,6.538461537,1.458333333,2.222222222,1,0.1,0.65,0,3.333333333,13,0,15,50,25,10,15,45,35,5,20,25,15,40,25,30,20,25,30,30,25,15,35,15,40,10,25,15,55,5,100,75,85,100,70,75,25,0,0,0,0,30,45,25,0,0,0,40,45,15,0,0,0,45,55,0,0,0,0,20,50,25,5,0,0,2,2,2,2,3
2,9.9,5.9,11.5,6.15,14,5.4,8.6,71,66,72,47,58,60,57,13,8,16,11,22,8,15,11,7,12,6,13,5,8,6,0,7,3,7,3,1,11,,,,12,4,,2.13,2.43,2.65,2.41,4.67,1.76,3.68,0.65,0.8,2,7.1,,0.65,0.8,2,7.1,4.4,5.5,,,3.65,3.95,,2.05,,3.65,3.95,,2.15,1.7,2.05,5.45,2.05,2.45,1.55,,,5.15,6.35,3.25,8.25,,1.9,1.3,3.1,1.6,,3.4,1.15,1.6,2.35,2.3,1.5,3.75,3.65,3.35,4.3,,8.6,2.6,2.8,10.5,1.95,1.55,1.8,,1.7,1.9,,,2.6,2.8,3.45,1.95,,1.95,3.65,1.65,2.4,,8.6,,,7.05,,1.55,65,80,50,79,,65,80,50,79,63,79,,,61,66,,51,,61,66,,72,85,51,78,68,61,78,,,74,71,65,75,,48,43,44,53,,38,58,80,78,46,30,54,61,56,61,,57,52,70,58,65,52,60,,57,63,,,52,70,57,65,,49,61,55,60,,57,,,59,,52,0.1,0.35,0.15,0.65,0.35,0.25,0.1,0.714285714,3.888888889,0.9375,5,1.458333333,2.777777778,0.666666667,0.2,0.45,0,6.666666667,9,0,20,45,10,25,30,40,10,20,15,30,30,25,35,20,25,20,20,25,30,25,35,10,40,15,30,0,45,25,95,80,95,100,60,70,25,5,0,0,0,35,45,15,5,0,0,40,55,5,0,0,0,50,50,0,0,0,0,10,50,40,0,0,0,3,1,2,3,1
1,9.6,5.8,11.7,5,13.1,5,8.1,69,64,73,38,55,56,54,13,8,16,8,21,8,14,10,6,12,5,13,5,9,5,1,8,1,3,1,1,10,,14,5,12,6,9,1.98,1.99,2.45,1.84,5.06,1.89,3.67,0.4,0.95,2.15,6.95,,0.4,0.95,2.15,6.95,4.6,5,,,3.5,4.15,,2.2,,3.5,4.15,,2,1.6,2.2,5.45,2.05,2.45,1.75,,,5.25,6.45,3.35,8.35,,1.4,0.7,3,0.95,,2.4,1.1,1.5,1.8,1.65,1.55,3.1,3.5,3.4,4,,8.1,2.2,2.8,10.25,1.7,1.15,1.55,,1.7,1.75,,,2.2,2.8,3.3,1.7,,1.55,3.5,1.7,2.25,,8.1,,,6.95,,1.15,40,95,54,77,,40,95,54,77,66,71,,,58,69,,55,,58,69,,67,80,55,78,68,61,88,,,75,72,67,76,,35,23,43,32,,27,55,75,60,33,31,44,58,57,57,,54,44,70,57,57,38,52,,57,58,,,44,70,55,57,,39,58,57,56,,54,,,58,,38,0.2,0.45,0.15,0.7,0.5,0.5,0,1.428571429,5,0.9375,5.384615384,2.083333333,5.555555555,0,0.35,0.4,0,11.66666667,8,0,20,35,30,15,25,40,20,15,5,40,25,30,10,25,45,20,20,20,35,25,20,25,35,20,20,0,50,30,100,95,95,95,65,65,35,0,0,0,0,40,55,5,0,0,0,65,30,5,0,0,0,65,30,5,0,0,0,50,15,30,5,0,0,2,1,1,3,2
2,10.15,6.1,12.05,6.8,15.9,5.75,10.15,72,68,75,52,66,64,68,13,9,16,12,23,9,14,11,8,13,8,18,6,11,4,1,5,1,7,3,3,11,8,13,,19,7,,2.46,2.75,2.93,2.93,4.81,1.89,3.22,0.45,0.8,2.45,7.2,,0.45,0.8,2.45,7.2,4.55,5.6,,,3.7,4.5,,2.5,,3.7,4.5,,1.8,1.8,2.5,5.7,2.3,2.45,1.6,,,5.3,6.75,3.95,8.1,,1.75,1.75,3.75,1.7,,3.5,1.5,1.8,2.25,2.85,1.7,4.4,4.1,3.95,4.5,,10.15,2.8,2.95,12.3,2.15,1.45,2,,1.95,1.8,,,2.8,2.95,3.6,2.15,,2.4,4.1,2,2.7,,10.15,,,8.7,,1.45,45,80,61,80,,45,80,61,80,65,80,,,62,75,,63,,62,75,,60,90,63,81,77,61,80,,,76,75,79,74,,44,58,54,57,,39,75,90,75,57,34,63,68,66,64,,68,56,74,68,72,48,67,,65,60,,,56,74,60,72,,60,68,67,68,,68,,,73,,48,0.15,0.4,0.35,0.55,0.35,0.25,0.1,1.071428571,4.444444444,2.1875,4.230769231,1.458333333,2.777777778,0.666666667,0.25,0.4,0,8.333333333,8,0,25,45,10,20,50,10,25,15,25,35,15,25,50,15,20,15,40,25,20,15,45,15,20,20,40,15,25,20,95,75,95,95,80,65,30,5,0,0,0,35,40,20,5,0,0,55,40,0,5,0,0,55,40,5,0,0,0,40,40,20,0,0,0,2,2,2,3,3
1,9.15,5.5,11.75,5.2,14.25,5.15,9.1,65,61,73,40,59,57,61,13,8,16,9,21,8,15,9,6,13,5,15,5,10,5,2,6,2,6,2,3,8,4,13,,,5,10,2.18,1.79,2.97,2.02,4.08,1.95,3.08,0.45,0.85,1.9,6.6,,0.45,0.85,1.9,6.6,4.3,4.85,,,3.3,3.9,,2.05,,3.3,3.9,,1.65,1.8,2.05,5.45,2.1,2.5,1.7,,,5.45,6.3,3.2,8.55,,1.5,1.35,2.75,1.2,,2.5,1.15,1.55,2.1,1.85,1.25,4.35,3.85,3.3,3.85,,9.1,2.8,2.35,11.1,1.7,1.45,2.05,,1.65,1.45,,,2.8,2.35,3.45,1.7,,2.3,3.85,1.65,2.4,,9.1,,,7.65,,1.45,45,85,48,73,,45,85,48,73,61,69,,,55,65,,51,,55,65,,55,90,51,78,70,63,85,,,78,70,64,78,,38,45,39,40,,28,58,78,70,37,25,62,64,55,55,,61,56,59,62,57,48,68,,55,48,,,56,59,57,57,,58,64,55,60,,61,,,64,,48,0.35,0.3,0.2,0.8,0.35,0.3,0.05,2.5,3.333333333,1.25,6.153846153,1.458333333,3.333333333,0.333333333,0.15,0.6,0,5,12,0,15,25,45,15,20,30,40,10,20,30,25,25,15,30,30,25,15,35,30,20,30,15,30,25,20,25,35,20,100,70,85,100,75,75,25,0,0,0,0,15,55,30,0,0,0,35,50,15,0,0,0,70,30,0,0,0,0,20,55,25,0,0,0,3,1,1,2,2
2,9.8,5.6,11.65,5.7,14.95,5.65,9.3,70,62,73,44,62,63,62,14,9,16,10,24,9,15,10,6,11,6,16,6,10,6,1,8,2,7,3,2,,5,,4,15,,,2.26,2.44,2.76,2.47,4.45,1.57,3.6,0.45,0.95,2.4,6.85,,0.45,0.95,2.4,6.85,4.9,4.9,,,3.6,3.8,,2.15,,3.6,3.8,,1.95,1.5,2.15,5.45,2.1,2.4,1.7,,,5,6.65,3.45,8.2,,1.65,1.4,3.35,1.3,,3.05,1.25,1.4,1.8,2.5,1.4,4,4.05,4,4.2,,9.3,2.85,2.8,11.4,1.95,1.6,2.05,,1.8,1.8,,,2.85,2.8,3.7,1.95,,1.95,4.05,2.2,2.4,,9.3,,,7.7,,1.6,45,95,60,76,,45,95,60,76,70,70,,,60,63,,54,,60,63,,65,75,54,78,70,60,85,,,71,74,69,75,,41,47,48,43,,34,63,70,60,50,28,57,67,67,60,,62,57,70,63,65,53,68,,60,60,,,57,70,62,65,,49,67,73,60,,62,,,64,,53,0.25,0.4,0.2,0.65,0.2,0.2,0,1.785714286,4.444444444,1.25,4.999999999,0.833333333,2.222222222,0,0.3,0.55,0,9.999999999,11,0,20,40,20,20,25,25,30,20,20,15,40,25,20,30,30,20,20,50,5,25,30,25,40,5,30,10,35,25,100,80,90,95,65,85,15,0,0,0,0,35,45,20,0,0,0,55,35,10,0,0,0,70,25,5,0,0,0,15,50,35,0,0,0,1,1,1,1,2
3,9.9,5.5,11.4,6,14.5,5.2,9.3,71,61,71,46,60,58,62,13,9,16,11,20,9,14,10,5,12,6,16,5,10,5,1,5,3,8,1,4,10,5,12,,17,4,11,2.05,2.09,2.76,2.49,3.75,1.85,2.52,0.5,0.7,2.4,7.1,,0.5,0.7,2.4,7.1,4.75,5.15,,,3.5,3.7,,1.9,,3.5,3.7,,2.15,1.45,1.9,5.7,2,1.95,1.75,,,5.3,6.1,3.35,8.05,,2.05,1.1,3.15,1.25,,3.3,1.2,1.5,2.35,2.3,1.35,3.85,3.75,3.5,4.4,,9.3,2.75,2.45,11.4,1.9,1.2,2,,1.65,1.55,,,2.75,2.45,3.3,1.9,,1.85,3.75,1.85,2.85,,9.3,,,8.1,,1.2,50,70,60,79,,50,70,60,79,68,74,,,58,62,,48,,58,62,,72,73,48,81,67,49,88,,,76,68,67,73,,51,37,45,42,,37,60,75,78,46,27,55,62,58,63,,62,55,61,63,63,40,67,,55,52,,,55,61,55,63,,46,62,62,71,,62,,,67,,40,0.25,0.4,0.2,0.55,0.45,0.35,0.1,1.785714286,4.444444444,1.25,4.230769231,1.875,3.888888889,0.666666667,0.15,0.45,0.05,5,9,1.666666667,20,50,20,10,20,25,40,15,15,15,50,20,25,35,20,20,15,40,25,20,25,15,50,10,15,10,60,15,100,85,90,100,50,80,20,0,0,0,0,25,60,10,5,0,0,50,40,10,0,0,0,80,20,0,0,0,0,20,30,50,0,0,0,2,2,1,3,2
3,9.95,6.15,12.45,5.7,13.8,4.9,8.9,71,68,78,44,57,54,59,13,9,16,9,21,7,14,10,6,13,6,14,5,9,5,4,7,1,8,1,5,9,5,15,6,,5,9,1.79,1.69,2.65,2.08,3.62,1.59,2.57,0.5,0.85,1.95,7.5,,0.5,0.85,1.95,7.5,4.6,5.35,,,3.7,4.3,,2.1,,3.7,4.3,,2.2,1.85,2.1,5.65,2.1,2.8,1.9,,,5.4,7.05,3.6,8.85,,1.55,1.35,3.3,1.15,,3.05,1.1,1.55,2.15,1.95,1.6,4.05,3.8,3.2,3.55,,8.9,2.35,2.55,11,1.7,1.1,2,,1.65,1.25,,,2.35,2.55,3.2,1.7,,2.05,3.8,1.55,2.3,,8.9,,,7.8,,1.1,50,85,49,83,,50,85,49,83,66,76,,,62,72,,53,,62,72,,73,93,53,81,70,70,95,,,77,78,72,80,,39,45,47,38,,34,55,78,72,39,32,58,63,53,51,,59,47,64,61,57,37,67,,55,42,,,47,64,53,57,,51,63,52,58,,59,,,65,,37,0.15,0.15,0.05,0.45,0.5,0.4,0.1,1.071428572,1.666666667,0.3125,3.461538461,2.083333333,4.444444444,0.666666667,0.1,0.45,0,3.333333333,9,0,15,45,35,5,25,30,45,0,30,25,25,20,20,45,20,15,10,30,40,20,20,5,60,15,25,5,50,20,100,90,100,100,75,70,30,0,0,0,0,25,65,10,0,0,0,55,45,0,0,0,0,50,50,0,0,0,0,40,35,20,5,0,0,2,2,2,3,2
3,9.35,5.5,10.4,5.1,13.95,5.5,8.45,67,61,65,39,58,61,56,12,9,14,8,21,8,14,10,6,11,5,14,5,8,6,1,6,1,4,1,3,10,4,10,,16,5,8,1.66,2.16,2.52,1.94,3.95,1.96,2.37,0.35,0.8,1.8,7.1,,0.35,0.8,1.8,7.1,4.25,5.1,,,3.55,3.85,,2.3,,3.55,3.85,,1.8,1.4,2.3,5.15,1.95,1.9,1.4,,,5,5.4,3.15,7.25,,1.65,0.8,2.8,1,,2.55,1,1.55,2.2,1.7,1.2,3.95,3.65,3.55,4,,8.45,2.85,2.65,10.65,1.8,1.5,2.15,,1.6,1.75,,,2.85,2.65,3.7,1.8,,1.8,3.65,1.95,2.25,,8.45,,,6.95,,1.5,35,80,45,79,,35,80,45,79,61,73,,,59,64,,58,,59,64,,60,70,58,74,65,48,70,,,71,60,63,66,,41,27,40,33,,28,50,78,73,34,24,56,61,59,57,,56,57,66,59,60,50,72,,53,58,,,57,66,62,60,,45,61,65,56,,56,,,58,,50,0.2,0.35,0.2,0.4,0.3,0.3,0,1.428571429,3.888888889,1.25,3.076923076,1.25,3.333333333,0,0.15,0.3,0,5,6,0,10,45,25,20,25,30,30,15,0,25,45,30,10,35,30,25,15,30,45,10,35,10,45,10,10,10,60,20,100,80,95,100,75,65,35,0,0,0,0,40,40,20,0,0,0,65,30,5,0,0,0,65,35,0,0,0,0,20,55,25,0,0,0,1,2,2,3,2
3,8.7,5.2,11.4,5.65,12.35,4.65,7.7,62,58,71,43,51,52,51,13,8,16,10,20,8,13,9,6,12,5,13,4,9,3,0,5,2,5,2,2,9,7,12,5,13,4,9,2.89,2.46,3,2.35,4.82,1.73,3.44,0.4,0.8,1.7,6.1,,0.4,0.8,1.7,6.1,3.85,4.85,,,3.35,3.7,,2.1,,3.35,3.7,,1.8,1.3,2.1,5.4,1.95,2.35,1.7,,,5.05,6.35,3.65,7.75,,1.6,1.25,2.95,1.3,,3.1,1.15,1.4,2.1,1.8,1.75,3.5,3.35,2.95,3.45,,7.7,2.45,2.2,9.55,1.65,1.15,1.9,,1.45,1.3,,,2.45,2.2,3,1.65,,1.6,3.35,1.5,2.15,,7.7,,,6.55,,1.15,40,80,43,68,,40,80,43,68,55,69,,,56,62,,53,,56,62,,60,65,53,77,65,59,85,,,72,71,73,70,,40,42,42,43,,34,58,70,70,36,35,50,56,49,49,,51,49,55,53,55,38,63,,48,43,,,49,55,50,55,,40,56,50,54,,51,,,55,,38,0.45,0.35,0.5,0.7,0.35,0.25,0.1,3.214285715,3.888888889,3.125,5.384615384,1.458333333,2.777777778,0.666666667,0.15,0.5,0.05,5,10,1.666666667,20,20,25,35,15,45,15,25,15,20,45,20,20,25,35,20,10,25,30,35,20,10,45,25,15,5,45,35,95,85,95,100,85,80,15,5,0,0,0,40,45,15,0,0,0,55,40,5,0,0,0,70,30,0,0,0,0,35,50,15,0,0,0,1,2,3,3,2
3,10.5,6.3,12.55,6.6,15.05,5.55,9.5,75,70,78,51,63,62,63,14,9,16,10,22,8,14,10,7,13,6,16,6,10,7,2,9,3,5,1,4,,,14,10,11,8,13,2.01,2,2.04,2.78,4.96,2.19,3.09,0.6,0.95,2.55,7.1,,0.6,0.95,2.55,7.1,4.9,5.6,,,3.9,4.35,,2.5,,3.9,4.35,,2.05,1.75,2.5,5.8,2.15,2.75,1.85,,,5.45,7.1,3.8,8.75,,1.8,1.5,3.75,1.35,,3.6,1.25,1.75,2.45,2.25,1.9,4.05,3.75,3.95,4.5,,9.5,2.55,3,11.75,1.65,1.65,2.15,,1.65,1.75,,,2.55,3,3.9,1.65,,1.9,3.75,2.3,2.75,,9.5,,,7.85,,1.65,60,95,64,79,,60,95,64,79,70,80,,,65,73,,63,,65,73,,68,88,63,83,72,69,93,,,78,79,76,80,,45,50,54,45,,40,63,88,82,45,38,58,62,66,64,,63,51,75,65,55,55,72,,55,58,,,51,75,65,55,,48,62,77,69,,63,,,65,,55,0.2,0.15,0.05,0.5,0.2,0.2,0,1.428571429,1.666666667,0.3125,3.846153846,0.833333333,2.222222222,0,0,0.4,0,0,8,0,30,35,30,5,30,40,20,10,20,30,45,5,40,20,20,20,30,20,35,15,40,10,25,25,35,15,30,20,100,70,80,95,65,60,40,0,0,0,0,40,30,30,0,0,0,45,35,20,0,0,0,65,30,5,0,0,0,50,15,35,0,0,0,2,1,2,2,2
1,10.15,5.45,11.75,6.1,13.95,4.6,9.35,73,61,73,47,58,51,62,13,8,16,11,20,7,15,11,6,12,7,16,5,10,4,1,4,1,5,1,4,13,8,12,,,5,12,2.7,2.48,2.86,2.94,4.44,1.57,3.38,0.65,0.9,2.3,7.05,,0.65,0.9,2.3,7.05,4.9,5.25,,,3.3,3.85,,2.05,,3.3,3.85,,1.95,1.45,2.05,5.3,1.95,2.75,1.75,,,5.1,6.65,3.3,8.45,,1.55,1.35,3.3,1.5,,3.25,1.3,1.55,2.05,2.3,1.75,3.9,4.05,3.25,3.9,,9.35,2.45,2.15,10.65,1.8,1.5,1.75,,1.45,1.4,,,2.45,2.15,2.8,1.8,,2.15,4.05,1.8,2.5,,9.35,,,7.85,,1.5,65,90,58,78,,65,90,58,78,70,75,,,55,64,,51,,55,64,,65,73,51,76,65,69,88,,,73,74,66,77,,39,45,47,50,,36,65,78,68,46,35,56,67,54,56,,62,49,54,59,60,50,58,,48,47,,,49,54,47,60,,54,67,60,63,,62,,,65,,50,0.2,0.4,0.2,0.7,0.25,0.25,0,1.428571429,4.444444444,1.25,5.384615384,1.041666667,2.777777778,0,0.15,0.6,0,5,12,0,35,35,15,15,35,20,15,30,15,25,45,15,40,15,20,25,10,45,25,20,5,25,50,20,40,15,20,25,100,75,85,95,75,65,35,0,0,0,0,20,55,20,5,0,0,35,50,15,0,0,0,65,30,5,0,0,0,30,45,15,10,0,0,2,2,2,2,2
1,9.65,5.1,11.6,6.35,13,4.65,8.35,69,57,73,49,54,52,56,14,9,15,10,20,8,14,10,5,12,6,14,5,9,6,2,7,3,5,2,1,9,,,4,,6,,1.9,1.71,2.06,2.39,4.08,1.69,3.33,0.4,0.75,1.9,7.2,,0.4,0.75,1.9,7.2,4.25,5.4,,,2.9,3.6,,1.55,,2.9,3.6,,2.1,1.45,1.55,5.2,1.75,2.9,1.75,,,4.9,6.7,3.6,8,,2.1,1.4,3.4,1.35,,3.55,1.3,1.5,2.15,2.6,1.6,3.55,3.5,3.6,3.35,,8.35,2.25,2.4,10.05,1.55,1.4,1.6,,1.8,1.25,,,2.25,2.4,3.1,1.55,,1.95,3.5,1.8,2.1,,8.35,,,6.95,,1.4,40,75,48,80,,40,75,48,80,61,77,,,48,60,,39,,48,60,,70,73,39,74,58,73,88,,,70,74,72,73,,53,47,49,45,,39,65,75,72,52,32,51,58,60,48,,56,45,60,56,52,47,53,,60,42,,,45,60,52,52,,49,58,60,53,,56,,,58,,47,0.1,0.3,0.2,1.65,0.25,0.2,0.05,0.714285714,3.333333333,1.25,12.69230769,1.041666667,2.222222222,0.333333333,0.1,1,0,3.333333333,20,0,15,35,35,15,10,30,45,15,10,20,60,10,35,15,45,5,10,35,30,25,10,30,30,30,10,20,50,20,100,75,75,95,80,80,20,0,0,0,0,20,55,25,0,0,0,25,50,25,0,0,0,60,35,5,0,0,0,30,50,20,0,0,0,3,3,1,2,2
3,8.85,5.25,10.8,5.7,13.2,4.85,8.35,63,58,68,44,55,54,56,11,9,14,10,19,8,13,9,6,11,6,14,5,8,6,1,7,3,6,1,4,,6,,3,14,6,7,1.6,1.59,1.99,2.15,3.91,1.66,2.62,0.35,0.7,1.75,6.85,,0.35,0.7,1.75,6.85,3.65,5.2,,,3.35,3.55,,2,,3.35,3.55,,2.05,1.2,2,5.2,2,1.95,1.65,,,4.9,5.9,3.2,7.6,,1.65,1.2,3.3,1.1,,2.95,1.2,1.55,2.15,1.95,1.6,3.85,3.75,3.3,3.05,,8.35,2.4,2.45,10.55,1.6,1.05,1.85,,1.7,1.3,,,2.4,2.45,3.25,1.6,,2,3.75,1.6,1.75,,8.35,,,7.3,,1.05,35,70,44,76,,35,70,44,76,52,74,,,56,59,,50,,56,59,,68,60,50,74,67,49,83,,,70,66,64,69,,41,40,47,37,,33,60,78,72,39,32,55,62,55,44,,56,48,61,59,53,35,62,,57,43,,,48,61,54,53,,50,62,53,44,,56,,,61,,35,0.65,0.45,0.2,1.8,0.25,0.15,0.1,4.642857143,5,1.25,13.84615385,1.041666667,1.666666667,0.666666667,0.2,0.9,0,6.666666666,18,0,0,40,35,25,5,45,45,5,0,25,45,30,25,25,30,20,10,25,40,25,10,35,35,20,20,15,40,25,100,70,100,100,80,75,25,0,0,0,0,45,25,30,0,0,0,55,45,0,0,0,0,60,40,0,0,0,0,30,50,20,0,0,0,1,1,2,1,1
3,10.45,5.95,12.1,6.05,15.4,6.15,9.25,75,66,76,47,64,68,62,14,9,15,12,22,9,13,11,6,13,7,15,6,10,5,2,8,2,10,3,5,11,,14,7,,5,,2.28,1.99,2.27,2.58,3.7,1.87,2.49,0.55,0.8,2.45,7.5,,0.55,0.8,2.45,7.5,4.85,5.6,,,3.75,4.3,,2.45,,3.75,4.3,,1.9,1.6,2.45,5.5,2.2,2.6,1.8,,,5.3,6.8,3.6,8.5,,1.7,1.15,3.2,1.4,,3.4,1,1.65,2.3,1.95,1.8,3.95,3.95,4,4.65,,9.25,3,3.15,11.7,2.2,1.5,2.05,,1.9,2.2,,,3,3.15,3.95,2.2,,1.9,3.95,2.1,2.45,,9.25,,,7.75,,1.5,55,80,61,83,,55,80,61,83,69,80,,,63,72,,61,,63,72,,63,80,61,79,73,65,90,,,76,76,72,77,,43,38,46,47,,38,50,83,77,39,36,56,66,67,66,,62,60,79,65,73,50,68,,63,73,,,60,79,66,73,,48,66,70,61,,62,,,65,,50,0.65,0.25,0.15,2.05,0.15,0.15,0,4.642857143,2.777777778,0.9375,15.76923077,0.625,1.666666667,0,0.15,1.5,0,5,30,0,30,35,25,10,25,35,25,15,10,40,35,15,25,35,20,20,25,35,25,15,40,15,40,5,20,10,60,10,95,60,85,100,80,70,25,5,0,0,0,40,20,40,0,0,0,55,30,15,0,0,0,65,35,0,0,0,0,30,50,15,5,0,0,1,2,3,3,2
1,10,5.2,12.2,6.15,15.05,5.6,9.45,71,58,76,47,63,62,63,13,9,16,11,23,8,15,11,6,13,6,14,6,10,5,0,6,2,9,3,5,11,,,,,,7,2.77,2.33,2.93,2.43,4.26,1.7,3.15,0.65,0.75,2.2,7.15,,0.65,0.75,2.2,7.15,4.75,5.25,,,3.15,3.65,,2,,3.15,3.65,,1.7,1.5,2,5.85,2.05,2.6,1.7,,,5.4,6.8,3.75,8.45,,1.7,1.25,3.2,1.5,,3.3,1.2,1.65,2.35,2.15,1.65,4.25,3.9,3.85,4,,9.45,2.85,2.75,11.85,1.85,1.35,2.15,,1.75,1.7,,,2.85,2.75,3.75,1.85,,2.1,3.9,2.1,2.3,,9.45,,,8.1,,1.35,65,75,55,79,,65,75,55,79,68,75,,,53,61,,50,,53,61,,57,75,50,84,68,65,85,,,77,76,75,77,,43,42,46,50,,37,60,83,78,43,33,61,65,64,57,,63,57,69,66,62,45,72,,58,57,,,57,69,62,62,,53,65,70,58,,63,,,68,,45,0.65,0.6,0.15,2.2,0.5,0.4,0.1,4.642857143,6.666666666,0.9375,16.92307692,2.083333333,4.444444444,0.666666667,0.4,1.6,0,13.33333333,32,0,35,35,5,25,15,35,30,20,30,20,30,20,25,30,35,10,30,15,30,25,40,10,40,10,35,10,35,20,100,75,95,95,80,80,20,0,0,0,0,20,55,15,10,0,0,35,60,5,0,0,0,50,45,5,0,0,0,20,60,20,0,0,0,1,1,2,2,2
3,9.65,6.05,11.7,5.95,13.7,5.4,8.3,69,67,73,46,57,60,55,12,9,15,11,21,7,14,10,6,13,6,13,6,8,6,2,6,2,6,3,3,,6,13,3,,6,,1.81,1.85,2.39,2.78,3.63,1.1,2.89,0.6,0.95,2.1,6.75,,0.6,0.95,2.1,6.75,4.55,5.1,,,3.7,4.25,,2.2,,3.7,4.25,,2.15,1.7,2.2,5.65,2.05,2.4,1.6,,,5.15,6.55,3.5,8.2,,1.65,1.3,3.1,1.45,,3.3,1.3,1.35,1.85,2.2,1.9,3.45,3.6,3.55,4,,8.3,2.55,2.85,10.5,1.9,1.3,1.85,,1.65,1.9,,,2.55,2.85,3.5,1.9,,1.6,3.6,1.9,2.1,,8.3,,,7,,1.3,60,95,53,75,,60,95,53,75,65,73,,,62,71,,55,,62,71,,72,85,55,81,68,60,80,,,74,73,70,75,,41,43,44,48,,37,65,68,62,44,38,49,60,59,57,,55,51,71,58,63,43,62,,55,63,,,51,71,58,63,,40,60,63,53,,55,,,58,,43,0.7,0.5,0.2,2.25,0.5,0.35,0.15,5,5.555555555,1.25,17.30769231,2.083333333,3.888888889,1,0.4,1.6,0.1,13.33333333,32,3.333333333,20,35,30,15,20,50,20,10,10,40,30,20,30,20,20,30,10,30,40,20,15,35,45,5,15,15,50,20,100,85,95,100,85,75,25,0,0,0,0,50,35,15,0,0,0,65,30,5,0,0,0,75,25,0,0,0,0,55,30,15,0,0,0,2,2,1,1,1
3,10.05,5.7,11.95,6.55,12.4,5.15,7.25,72,63,75,50,52,57,48,14,9,16,11,20,8,13,10,6,13,7,13,5,8,6,1,7,1,6,3,1,10,8,,7,,5,4,2.09,2.56,2.87,2.61,4.64,1.73,3.45,0.55,0.9,2.35,6.95,,0.55,0.9,2.35,6.95,4.7,5.35,,,3.6,3.95,,2.35,,3.6,3.95,,1.85,1.5,2.35,5.4,1.95,2.7,1.9,,,5,6.95,3.65,8.3,,2.05,1.3,3.6,1.4,,3.65,1.25,1.65,2.4,2.3,1.85,3.25,3,3.15,4.1,,7.25,2.55,2.6,9.15,1.85,1.4,1.9,,1.6,1.65,,,2.55,2.6,3.3,1.85,,1.35,3,1.55,2.45,,7.25,,,5.85,,1.4,55,90,59,77,,55,90,59,77,67,76,,,60,66,,59,,60,66,,62,75,59,77,65,68,95,,,71,77,73,75,,51,43,51,47,,41,63,83,80,46,37,46,50,52,59,,48,51,65,51,62,47,63,,53,55,,,51,65,55,62,,34,50,52,61,,48,,,49,,47,0.65,0.75,0.3,2.1,1.1,0.55,0.55,4.642857143,8.333333333,1.875,16.15384615,4.583333333,6.111111111,3.666666666,0.6,1.5,0.45,20,30,15,30,35,20,15,35,20,25,20,25,30,20,25,30,40,20,10,10,20,30,40,25,10,45,20,10,15,30,45,100,85,95,100,85,70,30,0,0,0,0,45,40,15,0,0,0,50,45,5,0,0,0,75,25,0,0,0,0,40,45,15,0,0,0,2,2,2,2,3
3,11,6.4,11.75,6.3,14.55,5.35,9.2,79,71,73,48,61,59,61,14,9,15,9,23,9,15,12,7,12,7,15,5,9,8,4,7,3,7,2,4,12,8,12,5,,4,9,1.95,1.76,2.47,1.78,4.93,2.13,3.14,0.6,0.95,2.45,7.7,,0.6,0.95,2.45,7.7,5.2,5.8,,,4,4.5,,2.5,,4,4.5,,2.2,1.7,2.5,5.4,2.15,2.45,1.75,,,5.3,6.45,3.3,8.45,,1.9,1.35,3.3,1.5,,3.45,1.25,1.6,2.35,2.25,1.7,4.05,4.05,3.55,3.7,,9.2,2.9,2.45,11.55,1.85,1.15,2.1,,1.85,1.4,,,2.9,2.45,3.5,1.85,,1.95,4.05,1.7,2.3,,9.2,,,8.05,,1.15,60,95,61,86,,60,95,61,86,74,83,,,67,75,,63,,67,75,,73,85,63,77,72,61,88,,,76,72,66,77,,48,45,47,50,,38,63,80,78,45,34,58,68,59,53,,61,58,61,64,62,38,70,,62,47,,,58,61,58,62,,49,68,57,58,,61,,,67,,38,0.65,0.45,0.1,2.6,0.45,0.15,0.3,4.642857143,5,0.625,20,1.875,1.666666667,2,0.35,2,0.3,11.66666667,40,9.999999999,50,20,30,0,40,25,35,0,25,5,55,15,30,30,30,10,20,30,25,25,35,5,40,20,25,0,50,25,100,85,100,100,65,70,30,0,0,0,0,25,60,15,0,0,0,40,60,0,0,0,0,60,40,0,0,0,0,10,55,35,0,0,0,1,2,2,2,1
3,9.6,5.5,11.35,5.9,13.5,5.15,8.35,69,61,71,45,56,57,56,13,9,16,12,23,8,15,11,6,11,6,15,6,9,3,0,5,2,3,1,1,11,,10,5,15,,,2.6,2.37,2.92,2.27,5.42,2.39,3.57,0.55,0.75,2.05,6.85,,0.55,0.75,2.05,6.85,4.45,5.15,,,3.15,4,,1.95,,3.15,4,,1.9,1.65,1.95,4.9,2.05,2.7,1.7,,,4.8,6.55,3.35,8,,1.7,1.25,3.2,1.25,,3.15,1.25,1.5,2.1,2.05,1.75,3.75,3.5,3.25,3.85,,8.35,2.45,2.7,10.5,1.85,1.15,1.85,,1.75,1.55,,,2.45,2.7,3.3,1.85,,1.9,3.5,1.5,2.3,,8.35,,,7.2,,1.15,55,75,51,76,,55,75,51,76,64,74,,,53,67,,49,,53,67,,63,83,49,70,68,68,85,,,69,73,67,73,,43,42,46,42,,35,63,75,70,41,35,54,58,54,55,,56,49,68,58,62,38,62,,58,52,,,49,68,55,62,,48,58,50,58,,56,,,60,,38,0.85,0.7,0.1,2.35,0.6,0.15,0.45,6.071428572,7.777777777,0.625,18.07692308,2.5,1.666666667,3,0.55,1.7,0.45,18.33333333,34,15,15,55,5,25,25,30,25,20,15,25,35,25,20,30,40,10,15,40,20,25,35,20,20,25,20,10,45,25,100,70,100,95,75,70,30,0,0,0,0,40,30,30,0,0,0,45,55,0,0,0,0,55,40,5,0,0,0,30,45,25,0,0,0,2,1,1,1,1
3,9.75,5.35,11.7,5.8,14.6,5.15,9.45,70,59,73,45,61,57,63,14,9,15,9,20,8,14,10,5,12,5,16,5,10,7,3,7,3,7,2,5,,5,11,4,16,5,,1.68,1.53,1.89,1.99,3.57,1.69,2.44,0.6,0.85,2.2,6.7,,0.6,0.85,2.2,6.7,4.6,5.15,,,3.25,3.65,,1.95,,3.25,3.65,,1.85,1.55,1.95,5.7,2,2.3,1.7,,,5.15,6.55,3.35,8.35,,1.75,1.1,2.7,1.6,,2.95,1.3,1.55,2.2,2.1,1.5,4,3.95,3.75,4.1,,9.45,2.5,2.65,11.45,1.6,1.55,1.6,,1.95,1.6,,,2.5,2.65,3.55,1.6,,2.4,3.95,1.8,2.5,,9.45,,,7.9,,1.55,60,85,55,74,,60,85,55,74,66,74,,,54,61,,49,,54,61,,62,78,49,81,67,58,85,,,74,73,67,76,,44,37,39,53,,33,65,78,73,42,30,57,66,63,59,,63,50,66,64,53,52,53,,65,53,,,50,66,59,53,,60,66,60,63,,63,,,66,,52,0.8,1.15,0.15,2.75,1.2,0.6,0.6,5.714285715,12.77777778,0.9375,21.15384615,5,6.666666666,4,0.55,2.05,0.6,18.33333333,41,20,10,40,45,5,5,40,40,15,5,20,65,10,25,20,45,10,15,40,30,15,25,20,30,25,25,10,55,10,100,85,95,95,75,65,35,0,0,0,0,25,60,15,0,0,0,50,45,5,0,0,0,70,25,5,0,0,0,25,50,20,5,0,0,2,2,3,2,2
2,10.45,5.8,11.2,5.7,13.65,5.65,8,75,64,70,44,57,63,53,13,9,16,9,22,9,14,11,6,11,6,14,6,8,5,1,4,1,5,3,2,12,6,10,,15,,,1.96,2.19,2.88,2.41,4.65,2.06,3.08,0.65,0.95,2.45,7.15,,0.65,0.95,2.45,7.15,5,5.45,,,3.8,3.85,,2.4,,3.8,3.85,,1.9,1.5,2.4,5.3,1.75,2.4,1.75,,,4.95,6.25,3.25,7.95,,1.65,1.05,3.2,1.15,,3,1.15,1.55,2.15,1.95,1.6,3.85,3.35,3.65,3.75,,8,2.9,2.75,10.65,1.8,1.2,2.1,,2.05,1.5,,,2.9,2.75,3.85,1.8,,1.75,3.35,1.6,2.25,,8,,,6.8,,1.2,65,95,61,79,,65,95,61,79,71,78,,,63,64,,60,,63,64,,63,75,60,76,58,60,88,,,71,69,65,72,,41,35,46,38,,33,58,78,72,39,32,55,56,61,54,,53,58,69,59,60,40,70,,68,50,,,58,69,64,60,,44,56,53,56,,53,,,57,,40,0.7,0.95,0.4,3.35,1.5,0.3,1.2,5,10.55555555,2.5,25.76923077,6.25,3.333333333,7.999999999,0.5,2.2,0.85,16.66666667,44,28.33333333,40,30,25,5,25,35,20,20,15,15,50,20,30,25,30,15,15,30,25,30,40,15,25,20,20,5,40,35,100,65,95,95,70,70,30,0,0,0,0,30,35,30,5,0,0,60,35,5,0,0,0,65,30,5,0,0,0,20,50,30,0,0,0,1,1,2,2,1
2,9.95,5.95,12.75,5.2,14.25,5.35,8.9,71,66,80,40,59,59,59,13,9,16,10,21,8,13,11,6,14,4,14,6,10,7,3,6,1,5,3,2,12,6,16,4,18,6,,2.19,1.67,2.86,2.75,4.1,1.66,2.9,0.5,0.9,2.1,7.15,,0.5,0.9,2.1,7.15,4.6,5.35,,,3.55,4,,1.95,,3.55,4,,2.2,1.8,1.95,6.25,2.2,2.75,1.55,,,5.95,6.8,3.55,9.2,,1.25,1.05,2.95,1.25,,2.6,1.05,1.55,1.9,1.8,1.5,3.7,3.45,3.85,4.45,,8.9,2.75,2.6,10.85,1.95,1.45,1.75,,1.75,1.85,,,2.75,2.6,3.4,1.95,,1.95,3.45,2.1,2.6,,8.9,,,7.45,,1.45,50,90,53,79,,50,90,53,79,66,76,,,59,67,,49,,59,67,,73,90,49,89,73,69,78,,,85,76,71,84,,31,35,42,42,,29,53,78,63,36,30,53,58,64,64,,59,55,65,60,65,48,58,,58,62,,,55,65,57,65,,49,58,70,65,,59,,,62,,48,0.45,0.9,0.45,3.2,1.6,0.55,1.05,3.214285714,9.999999999,2.8125,24.61538462,6.666666667,6.111111111,7,0.4,2.25,0.8,13.33333333,45,26.66666667,35,25,15,25,20,40,35,5,35,20,35,10,25,10,45,20,10,35,40,15,20,40,15,25,20,10,55,15,100,75,85,95,75,75,25,0,0,0,0,40,35,25,0,0,0,55,30,10,5,0,0,55,40,5,0,0,0,25,50,20,5,0,0,1,2,2,3,3
3,10,5.45,11.5,5.15,12.65,4.55,8.1,71,61,72,40,53,51,54,13,9,15,9,16,7,12,11,6,12,5,13,5,8,7,2,5,2,6,2,4,11,,14,,11,,8,1.62,1.99,2.78,2.16,2.39,1.36,2.05,0.4,0.9,2.3,7.05,,0.4,0.9,2.3,7.05,4.8,5.2,,,3.2,3.95,,2.05,,3.2,3.95,,1.7,1.7,2.05,5.45,2.05,2.35,1.65,,,5.25,6.25,3.3,8.2,,1.75,0.7,2.8,0.95,,2.45,1.1,1.6,2.05,1.7,1.4,3.25,3.55,3.25,3.65,,8.1,2.2,2.35,10.1,1.3,1.25,1.65,,1.4,1.5,,,2.2,2.35,3.25,1.3,,1.6,3.55,1.85,2.15,,8.1,,,6.85,,1.25,40,90,58,78,,40,90,58,78,69,74,,,53,66,,51,,53,66,,57,85,51,78,68,59,83,,,75,69,66,75,,44,23,40,32,,27,55,80,68,34,28,46,59,54,52,,54,44,59,56,43,42,55,,47,50,,,44,59,54,43,,40,59,62,54,,54,,,57,,42,0.4,0.55,0.5,3.65,2.55,0.65,1.9,2.857142857,6.111111111,3.125,28.07692308,10.625,7.222222222,12.66666667,0.2,2.45,0.8,6.666666666,49,26.66666667,10,55,25,10,15,35,35,15,5,35,40,20,15,30,25,30,0,20,75,5,5,25,45,25,10,5,70,15,95,100,90,95,80,60,35,5,0,0,0,40,60,0,0,0,0,50,40,10,0,0,0,65,30,5,0,0,0,15,65,20,0,0,0,2,2,2,2,2
3,9.55,5.25,11.2,5.25,13.55,4.95,8.6,68,58,70,40,56,55,57,14,8,15,9,20,9,14,10,5,12,5,13,5,9,4,0,2,2,7,2,5,,5,15,,10,,7,2.33,2.15,3.35,1.94,3.75,1.57,2.64,0.55,0.9,1.75,6.95,,0.55,0.9,1.75,6.95,4.4,5.15,,,3.3,3.65,,1.9,,3.3,3.65,,1.85,1.5,1.9,5.3,1.95,2.5,1.45,,,5,6.2,3.35,7.85,,1.6,0.95,3.2,0.8,,2.75,1,1.5,2.1,1.85,1.3,3.6,3.6,3.55,3.65,,8.6,2.35,2.6,10.75,1.55,1.25,1.95,,1.65,1.35,,,2.35,2.6,3.4,1.55,,1.65,3.6,1.9,2.3,,8.6,,,7.35,,1.25,55,90,44,77,,55,90,44,77,63,74,,,55,61,,48,,55,61,,62,75,48,76,65,63,73,,,71,69,67,71,,40,32,46,27,,31,50,75,70,37,26,51,60,59,52,,57,47,65,60,52,42,65,,55,45,,,47,65,57,52,,41,60,63,58,,57,,,61,,42,0.25,0.55,0.6,3.9,2.8,1,1.8,1.785714286,6.111111111,3.75,30,11.66666667,11.11111111,12,0.15,2.85,0.7,5,57,23.33333333,25,30,35,10,10,35,45,10,20,15,40,25,15,25,40,20,15,30,25,30,10,25,50,15,10,15,55,20,100,75,90,95,60,80,20,0,0,0,0,25,50,25,0,0,0,40,50,10,0,0,0,55,40,5,0,0,0,35,25,30,10,0,0,1,1,2,2,1
1,10.75,6.15,12.15,5.9,14.05,5,9.05,77,68,76,45,59,56,60,13,9,16,11,22,8,14,11,6,12,5,14,5,10,8,3,9,3,5,1,3,13,,11,4,,4,,1.89,1.6,1.98,2.49,4.02,1.65,2.86,0.45,0.95,2.4,7.85,,0.45,0.95,2.4,7.85,5.2,5.55,,,3.85,4.3,,2.3,,3.85,4.3,,2.2,1.65,2.3,5.75,2.1,2.65,1.65,,,5.15,7,3.75,8.4,,1.8,1.15,3.3,1.1,,3.55,1,1.35,2,1.9,2,3.65,4,3.55,3.75,,9.05,2.7,2.3,11.15,1.65,1.25,1.85,,1.7,1.45,,,2.7,2.3,3.35,1.65,,1.8,4,1.85,2.3,,9.05,,,7.8,,1.25,45,95,60,87,,45,95,60,87,74,79,,,64,72,,58,,64,72,,73,83,58,82,70,66,83,,,74,78,75,76,,45,38,47,37,,39,50,68,67,38,40,52,67,59,54,,60,54,58,62,55,42,62,,57,48,,,54,58,56,55,,45,67,62,58,,60,,,65,,42,0.2,0.65,0.3,3.3,1.8,1.1,0.7,1.428571429,7.222222222,1.875,25.38461538,7.5,12.22222222,4.666666666,0.3,2.15,0.4,10,43,13.33333333,40,30,30,0,20,50,25,5,15,20,60,5,30,10,50,10,15,25,50,10,20,20,50,10,20,15,50,15,100,80,95,100,65,75,25,0,0,0,0,30,50,15,5,0,0,50,45,5,0,0,0,80,20,0,0,0,0,60,5,30,5,0,0,2,4,3,2,2
4,9.95,6.15,11.3,6,14.15,5.4,8.75,71,68,71,46,59,60,58,13,9,16,11,22,9,15,11,7,12,6,16,6,10,7,1,4,3,3,1,2,,8,12,4,,7,10,1.99,2.21,3.08,2.03,5.38,2.41,3.58,0.5,0.85,2.3,7,,0.5,0.85,2.3,7,4.45,5.5,,,3.8,4.15,,2.35,,3.8,4.15,,2.05,1.75,2.35,5.3,2.05,2.35,1.6,,,5.1,6.2,3.15,8.15,,2,1.1,3.35,1.15,,3.5,0.95,1.55,2.15,2.15,1.7,3.9,3.7,3.65,3.9,,8.75,2.75,2.65,10.75,2.15,1.25,1.85,,1.75,1.8,,,2.75,2.65,3.25,2.15,,2.05,3.7,1.9,2.1,,8.75,,,7.5,,1.25,50,85,58,78,,50,85,58,78,64,79,,,63,69,,59,,63,69,,68,88,59,76,68,59,80,,,73,69,63,74,,50,37,48,38,,39,48,78,72,43,34,56,62,61,56,,58,55,66,60,72,42,62,,58,60,,,55,66,54,72,,51,62,63,53,,58,,,63,,42,0.3,0.75,0.15,3.45,1.65,1,0.65,2.142857143,8.333333333,0.9375,26.53846154,6.875,11.11111111,4.333333333,0.2,2.4,0.2,6.666666666,48,6.666666666,25,30,35,10,35,35,15,15,10,25,45,20,20,35,40,5,20,35,20,25,45,10,25,20,20,25,30,25,95,75,100,100,75,80,15,5,0,0,0,40,35,20,5,0,0,50,50,0,0,0,0,75,25,0,0,0,0,40,35,20,5,0,0,2,3,3,1,3
3,9.15,5.55,11,6.4,14.6,5.75,8.85,65,62,69,49,61,64,59,13,9,16,11,22,9,13,9,6,12,7,14,6,9,6,0,4,1,6,2,4,11,,11,9,14,6,8,2.21,2.8,3.09,3.03,4.11,1.62,2.83,0.45,0.9,2.1,6.3,,0.45,0.9,2.1,6.3,4.3,4.85,,,3.5,3.85,,2.15,,3.5,3.85,,1.85,1.55,2.15,5.4,2,1.95,1.65,,,5.1,5.9,3.05,7.95,,2,1.45,3.6,1.2,,3.7,1.15,1.55,2.1,2.4,1.9,3.95,3.7,3.7,4.25,,8.85,3.1,2.65,11.05,2.1,1.45,2,,2,1.75,,,3.1,2.65,3.65,2.1,,1.95,3.7,1.7,2.5,,8.85,,,7.4,,1.45,45,90,53,70,,45,90,53,70,61,69,,,58,64,,54,,58,64,,62,78,54,77,67,49,83,,,73,66,61,72,,50,48,51,40,,41,58,78,70,48,38,56,62,62,61,,59,62,66,61,70,48,67,,67,58,,,62,66,61,70,,49,62,57,63,,59,,,62,,48,0.7,0.7,0.1,3.05,1,0.75,0.25,5,7.777777777,0.625,23.46153846,4.166666667,8.333333333,1.666666667,0.2,2.35,0.2,6.666666666,47,6.666666666,15,30,25,30,25,30,25,20,10,20,50,20,50,5,25,20,15,30,40,15,25,45,20,10,20,15,40,25,100,80,95,95,70,60,40,0,0,0,0,25,55,20,0,0,0,45,50,5,0,0,0,65,30,5,0,0,0,35,35,25,5,0,0,2,3,1,2,2
3,9.85,6.15,11.6,6.95,15.5,5.65,9.85,70,68,73,53,65,63,66,14,8,16,12,19,8,14,10,7,13,7,17,6,10,6,2,6,1,5,0,5,9,8,13,9,17,8,,2.41,1.84,3.14,2.91,3.68,2.11,2.32,0.25,0.9,2.2,7.3,,0.25,0.9,2.2,7.3,4.65,5.2,,,3.65,4.4,,2.4,,3.65,4.4,,1.9,1.85,2.4,5.3,2.25,2.3,1.75,,,5.4,6.2,3.3,8.3,,2,1.7,3.7,1.65,,3.9,1.5,1.55,2.05,2.75,2.15,4.45,4.2,3.85,4.05,,9.85,3.15,2.5,12.05,2.1,1.35,2.15,,1.8,1.7,,,3.15,2.5,3.55,2.1,,2.3,4.2,2.05,2.35,,9.85,,,8.5,,1.35,25,90,55,81,,25,90,55,81,66,74,,,61,73,,60,,61,73,,63,93,60,76,75,58,88,,,77,69,66,75,,50,57,53,55,,43,75,78,68,55,43,64,70,64,58,,66,63,63,67,70,45,72,,60,57,,,63,63,59,70,,58,70,68,59,,66,,,71,,45,0.55,0.75,0.2,2.9,1.4,0.85,0.55,3.928571429,8.333333333,1.25,22.30769231,5.833333333,9.444444444,3.666666666,0.35,2.1,0.25,11.66666667,42,8.333333333,30,20,30,20,30,35,25,10,20,30,25,25,45,30,10,15,15,55,20,10,40,15,35,10,25,15,50,10,100,80,100,90,70,65,35,0,0,0,0,40,40,20,0,0,0,45,55,0,0,0,0,50,40,10,0,0,0,40,30,25,5,0,0,2,2,1,2,2
4,9.5,5.3,11.6,5.15,14,5.7,8.3,68,59,73,40,58,63,55,13,9,16,9,20,8,13,9,6,12,5,15,6,9,6,0,5,2,7,3,4,9,,11,5,12,7,10,2.26,2.25,2.76,1.9,3.67,1.38,2.92,0.5,0.8,2.05,6.8,,0.5,0.8,2.05,6.8,4.4,5.1,,,3.35,3.75,,2.05,,3.35,3.75,,1.7,1.55,2.05,5.45,2.2,2.45,1.5,,,5.25,6.35,3.25,8.35,,1.2,1.1,3.15,1.05,,2.7,0.9,1.55,2.1,1.7,1.35,3.55,3.75,3.5,4.2,,8.3,2.75,2.95,10.85,2,1.15,1.9,,1.95,1.85,,,2.75,2.95,3.7,2,,1.65,3.75,1.55,2.35,,8.3,,,7.15,,1.15,50,80,51,76,,50,80,51,76,63,73,,,56,63,,51,,56,63,,57,78,51,78,73,61,75,,,75,71,65,76,,30,37,45,35,,30,45,78,70,34,27,51,63,58,60,,55,55,74,60,67,38,63,,65,62,,,55,74,62,67,,41,63,52,59,,55,,,60,,38,0.85,0.85,0.15,3.7,1.2,0.45,0.75,6.071428572,9.444444444,0.9375,28.46153846,5,5,4.999999999,0.35,2.85,0.45,11.66666667,57,15,20,25,30,25,15,35,35,15,15,25,35,25,10,30,40,20,15,35,35,15,35,25,35,5,15,20,30,35,100,90,95,100,65,85,15,0,0,0,0,35,55,5,5,0,0,45,50,5,0,0,0,45,55,0,0,0,0,20,45,35,0,0,0,2,2,3,2,2
3,9.7,6.05,10.85,6.4,14.3,5.75,8.55,69,67,68,49,60,64,57,13,9,16,11,21,8,13,11,7,11,6,15,5,9,5,2,6,2,5,4,1,11,8,11,6,16,5,8,2.36,2.26,2.35,2.74,3.5,1.48,2.68,0.45,0.9,1.9,6.95,,0.45,0.9,1.9,6.95,4.2,5.5,,,3.9,4.1,,2.45,,3.9,4.1,,1.9,1.7,2.45,4.9,2.05,2.2,1.7,,,4.95,5.9,3.2,7.65,,2,1.3,3.5,1.2,,3.75,1.2,1.45,2.15,2.1,2.15,4.2,3.7,3.6,4,,8.55,3.1,2.65,10.5,2,1.8,2.1,,1.9,1.75,,,3.1,2.65,3.75,2,,2.1,3.7,1.7,2.25,,8.55,,,6.75,,1.8,45,90,48,77,,45,90,48,77,60,79,,,65,68,,61,,65,68,,63,85,61,70,68,55,85,,,71,66,64,70,,50,43,50,40,,42,60,73,72,42,43,60,62,60,57,,57,62,66,58,67,60,70,,63,58,,,62,66,62,67,,53,62,57,56,,57,,,56,,60,0.8,0.85,0.15,2.65,0.6,0.45,0.15,5.714285715,9.444444444,0.9375,20.38461538,2.5,5,1,0.15,2.15,0.1,5,43,3.333333334,20,45,15,20,35,30,15,20,10,5,60,25,30,35,15,20,5,45,45,5,40,5,55,0,10,0,70,20,100,80,100,100,75,60,40,0,0,0,0,60,20,15,5,0,0,50,50,0,0,0,0,60,40,0,0,0,0,30,45,25,0,0,0,3,1,2,2,4
1,9.55,5.25,11.75,6.4,14.1,4.9,9.2,68,58,73,49,59,54,61,13,9,16,10,23,9,14,10,6,13,7,16,5,10,6,0,4,2,6,2,3,11,,13,9,,3,13,2.16,2.71,3.51,2.54,5.13,1.97,3.75,0.5,0.95,2.15,6.7,,0.5,0.95,2.15,6.7,4.35,5.2,,,3.25,3.75,,2,,3.25,3.75,,1.85,1.4,2,5.45,1.95,2.9,1.45,,,5.45,6.3,3.45,8.3,,1.8,1.35,3.55,1.35,,3.55,1.25,1.6,2.2,2.2,2,3.7,4,3.4,4.15,,9.2,2.3,2.6,11.4,1.5,1.2,1.9,,1.45,1.55,,,2.3,2.6,3.4,1.5,,1.8,4,1.95,2.6,,9.2,,,8,,1.2,50,95,54,74,,50,95,54,74,62,74,,,54,63,,50,,54,63,,62,70,50,78,65,73,73,,,78,70,69,75,,45,45,51,45,,39,63,80,73,44,40,53,67,57,59,,61,46,65,63,50,40,63,,48,52,,,46,65,57,50,,45,67,65,65,,61,,,67,,40,0.4,0.9,0.3,3.1,1.35,0.55,0.8,2.857142858,9.999999999,1.875,23.84615384,5.625,6.111111111,5.333333333,0.25,2.25,0.35,8.333333333,45,11.66666667,20,35,25,20,25,25,20,30,25,30,20,25,40,25,20,15,15,40,10,35,30,10,25,35,30,10,30,30,100,75,95,90,90,75,25,0,0,0,0,30,45,20,5,0,0,75,20,5,0,0,0,60,30,10,0,0,0,35,55,10,0,0,0,2,2,2,2,2
1,9.35,5.35,11.45,6.1,14,5.25,8.75,67,59,72,47,58,58,58,13,9,16,11,23,9,14,9,5,12,6,13,5,8,6,2,3,3,8,2,4,,4,12,7,12,5,8,1.98,2.28,3.27,2.1,4.01,1.83,2.51,0.7,0.95,2,6.3,,0.7,0.95,2,6.3,4.55,4.8,,,3.45,3.65,,2.15,,3.45,3.65,,1.75,1.45,2.15,5.4,2,2.45,1.6,,,5.2,6.25,3.4,8.05,,1.8,1.1,3.4,1.3,,3.45,1,1.65,2.4,1.75,1.95,3.65,3.8,3.6,3.95,,8.75,2.8,2.45,11.2,1.6,1.2,2.2,,1.55,1.5,,,2.8,2.45,3.65,1.6,,1.45,3.8,2.05,2.45,,8.75,,,7.55,,1.2,70,95,50,70,,70,95,50,70,65,69,,,57,61,,54,,57,61,,58,73,54,77,67,61,80,,,74,69,68,73,,45,37,49,43,,38,50,83,80,35,39,52,63,60,56,,58,56,61,62,53,40,73,,52,50,,,56,61,61,53,,36,63,68,61,,58,,,63,,40,0.4,1.15,0.25,3.3,1.05,0.65,0.4,2.857142857,12.77777778,1.5625,25.38461538,4.375,7.222222222,2.666666667,0.35,2.45,0.15,11.66666667,49,5,20,15,50,15,25,20,35,20,25,0,55,20,15,40,40,5,15,25,40,20,25,10,50,15,20,5,60,15,100,70,95,100,65,70,30,0,0,0,0,15,55,25,5,0,0,50,45,5,0,0,0,55,45,0,0,0,0,30,35,30,5,0,0,2,1,3,2,2
2,10.1,6.4,13.2,6.45,16.1,5.75,10.35,72,71,83,50,67,64,69,14,9,16,11,23,9,15,10,7,14,6,16,6,11,6,2,7,3,4,0,4,10,,15,5,,5,,2.45,2.26,2.8,2.58,5.28,2.38,3.2,0.55,0.85,2.35,7.15,,0.55,0.85,2.35,7.15,4.75,5.35,,,4.1,4.5,,2.85,,4.1,4.5,,1.9,1.65,2.85,5.85,2.55,2.9,1.9,,,5.85,7.35,3.95,9.25,,1.75,1.4,3.7,1.35,,3.8,1.05,1.6,2.25,2.3,1.9,4.6,4.45,4.15,4.4,,10.35,2.95,2.8,12.15,1.9,2.05,2.15,,1.8,1.8,,,2.95,2.8,3.85,1.9,,2.45,4.45,2.35,2.6,,10.35,,,8.3,,2.05,55,85,59,79,,55,85,59,79,68,76,,,68,75,,71,,68,75,,63,83,71,84,85,73,95,,,84,82,79,84,,44,47,53,45,,42,53,80,75,46,38,66,74,69,63,,69,59,70,67,63,68,72,,60,60,,,59,70,64,63,,61,74,78,65,,69,,,69,,68,0.3,0.65,0.25,3,0.75,0.35,0.4,2.142857143,7.222222222,1.5625,23.07692308,3.125,3.888888889,2.666666667,0.35,2.3,0.1,11.66666667,46,3.333333333,30,35,20,15,40,25,20,15,45,25,15,15,30,25,35,10,45,20,20,15,40,15,35,10,40,5,45,10,100,80,90,90,65,85,15,0,0,0,0,40,40,20,0,0,0,60,30,10,0,0,0,55,35,10,0,0,0,5,60,30,5,0,0,2,2,1,2,1
1,9.2,5.95,11.95,5.85,14.25,5.5,8.75,66,66,75,45,59,61,58,14,9,16,12,20,9,14,9,6,13,6,16,6,10,5,0,3,1,5,2,2,7,6,15,9,,6,11,2.4,2.14,3.66,3.03,4.51,1.88,3.23,0.4,0.7,2.15,6.6,,0.4,0.7,2.15,6.6,4,5.2,,,3.6,4.2,,2.25,,3.6,4.2,,1.95,1.75,2.25,5.5,2.2,2.45,1.8,,,5.4,6.55,3.35,8.6,,1.95,1,3.4,0.95,,3.2,1.05,1.6,2.3,2.1,1.45,3.95,3.85,3.55,4.25,,8.75,2.95,2.55,10.6,2,1.65,2.25,,1.7,1.55,,,2.95,2.55,3.5,2,,1.7,3.85,1.85,2.7,,8.75,,,7.1,,1.65,40,70,54,73,,40,70,54,73,57,74,,,60,70,,56,,60,70,,65,88,56,79,73,61,90,,,77,73,67,78,,49,33,49,32,,36,53,80,77,42,29,56,64,59,61,,58,59,64,59,67,55,75,,57,52,,,59,64,58,67,,43,64,62,68,,58,,,59,,55,0.55,0.95,0.55,3.1,1.05,0.6,0.45,3.928571429,10.55555555,3.4375,23.84615385,4.375,6.666666666,3,0.3,2.65,0.15,10,53,5,20,25,25,30,25,45,20,10,30,25,25,20,40,10,20,30,25,35,10,30,25,35,20,20,15,15,45,25,100,85,95,100,60,65,35,0,0,0,0,55,30,10,5,0,0,50,45,5,0,0,0,70,30,0,0,0,0,20,40,35,5,0,0,2,3,2,3,2
4,10.45,6.3,12.5,7.65,14.7,5.65,9.05,75,70,78,59,61,63,60,14,9,16,12,21,8,13,11,6,12,8,16,6,10,6,1,7,2,5,2,1,11,6,12,8,16,5,11,2.11,2.05,2.33,3.17,4.43,1.66,3.2,0.75,0.9,2.3,7.4,,0.75,0.9,2.3,7.4,5.2,5.25,,,4.25,4.05,,2.7,,4.25,4.05,,2.05,1.55,2.7,5.8,2.05,2.8,1.85,,,5.6,6.9,3.65,8.85,,2.5,1.6,4.15,1.5,,4.8,1.3,1.55,2.4,2.6,2.65,3.95,3.6,3.8,4.5,,9.05,2.7,2.95,10.9,2.3,1.5,2.1,,1.7,1.85,,,2.7,2.95,3.35,2.3,,1.85,3.6,2.1,2.65,,9.05,,,7.55,,1.5,75,90,58,82,,75,90,58,82,74,75,,,71,68,,68,,71,68,,68,78,68,83,68,70,93,,,80,77,73,80,,63,53,59,50,,53,65,78,80,52,53,56,60,63,64,,60,54,74,61,77,50,70,,57,62,,,54,74,56,77,,46,60,70,66,,60,,,63,,50,0.65,0.7,0.25,1.6,1.05,0.55,0.5,4.642857144,7.777777777,1.5625,12.30769231,4.375,6.111111111,3.333333333,0.1,1.15,0.15,3.333333333,23,5,30,45,15,10,30,40,25,5,20,25,45,10,60,10,20,10,20,40,20,20,35,15,40,10,20,10,50,20,100,85,100,100,90,85,15,0,0,0,0,40,45,10,5,0,0,65,35,0,0,0,0,60,40,0,0,0,0,40,50,10,0,0,0,2,2,3,4,3
3,9.85,5.2,12,6.2,14.6,5.65,8.95,70,58,75,48,61,63,60,13,8,16,10,23,9,14,10,5,13,6,16,6,9,5,2,7,2,6,2,4,12,8,14,6,17,7,8,2.32,2.07,2.83,2.67,4.64,2.18,2.89,0.6,0.75,2.15,7.1,,0.6,0.75,2.15,7.1,4.8,5.05,,,3.05,3.85,,2,,3.05,3.85,,1.65,1.55,2,5.55,2.25,2.5,1.7,,,5.4,6.6,3.4,8.6,,1.75,1.4,3.6,1.25,,3.85,0.95,1.4,1.95,2.15,2.1,4.05,3.65,3.75,4.25,,8.95,2.8,2.85,11.4,1.8,1.4,2.05,,1.7,1.9,,,2.8,2.85,3.85,1.8,,2,3.65,2.05,2.35,,8.95,,,7.55,,1.4,60,75,54,79,,60,75,54,79,69,72,,,51,64,,50,,51,64,,55,78,50,79,75,63,85,,,77,73,68,78,,44,47,51,42,,43,48,70,65,43,42,58,61,63,61,,60,56,71,63,60,47,68,,57,63,,,56,71,64,60,,50,61,68,59,,60,,,63,,47,0.5,0.7,0.7,1.7,1.5,0.7,0.8,3.571428572,7.777777777,4.375,13.07692308,6.25,7.777777777,5.333333333,0.1,1.15,0.1,3.333333333,23,3.333333333,35,25,25,15,25,20,30,25,10,45,20,25,40,25,10,25,20,40,20,20,45,5,30,20,25,10,45,20,95,70,100,100,70,70,25,5,0,0,0,25,45,30,0,0,0,35,65,0,0,0,0,75,25,0,0,0,0,25,45,30,0,0,0,1,1,1,1,3
2,8.9,5.9,11.45,6,13.8,5.35,8.45,64,66,72,46,58,59,56,13,9,16,11,22,9,14,9,5,11,6,14,6,8,5,3,5,1,6,1,5,8,5,10,5,,6,8,2.27,1.89,2.67,2.79,3.99,1.9,2.44,0.5,0.75,1.9,6.5,,0.5,0.75,1.9,6.5,4.1,4.8,,,3.9,3.65,,2.25,,3.9,3.65,,2.25,1.4,2.25,5.35,2.15,2.45,1.5,,,5.1,6.35,3.25,8.2,,1.6,1.25,3.45,1.3,,3.2,1.15,1.65,2.15,2.2,1.65,4,3.6,3.15,3.95,,8.45,2.8,2.55,10.85,1.8,1.15,2.2,,1.45,1.7,,,2.8,2.55,3.55,1.8,,1.8,3.6,1.7,2.25,,8.45,,,7.3,,1.15,50,75,48,72,,50,75,48,72,59,69,,,65,61,,56,,65,61,,75,70,56,76,72,61,75,,,73,71,65,75,,40,42,49,43,,36,58,83,72,44,33,57,60,53,56,,56,56,64,60,60,38,73,,48,57,,,56,64,59,60,,45,60,57,56,,56,,,61,,38,0.8,0.85,0.4,1.8,1.2,0.65,0.55,5.714285715,9.444444444,2.5,13.84615385,5,7.222222222,3.666666666,0.35,1.15,0.1,11.66666667,23,3.333333333,15,25,35,25,30,10,55,5,10,30,45,15,30,25,30,15,15,20,45,20,20,30,35,15,15,10,60,15,95,75,90,90,60,55,40,5,0,0,0,35,40,25,0,0,0,60,30,10,0,0,0,25,65,10,0,0,0,10,50,40,0,0,0,2,2,2,2,2
2,9.9,6.05,11.95,6.7,15.55,6.35,9.2,71,67,75,52,65,71,61,14,9,16,12,22,9,13,11,6,12,6,16,7,9,5,3,7,3,11,4,5,12,5,11,5,11,7,12,2.61,1.99,2.44,2.52,3.39,1.5,2.5,0.65,0.85,1.95,7.15,,0.65,0.85,1.95,7.15,4.65,5.25,,,4,4.15,,2.55,,4,4.15,,2,1.5,2.55,5.65,1.9,2.65,1.75,,,5.3,6.65,3.6,8.35,,1.8,1.45,3.85,1.45,,3.95,1.2,1.55,2.25,2.25,2.2,4.2,4.05,4.15,4.45,,9.2,3.6,2.75,11.55,2.45,1.55,2.3,,2.1,1.95,,,3.6,2.75,3.9,2.45,,1.9,4.05,2.05,2.5,,9.2,,,7.65,,1.55,65,85,49,79,,65,85,49,79,66,75,,,67,69,,64,,67,69,,67,75,64,81,63,66,88,,,76,74,72,76,,45,48,55,48,,44,60,78,75,45,44,60,67,69,64,,61,72,69,64,82,52,77,,70,65,,,72,69,65,82,,48,67,68,63,,61,,,64,,52,0.55,0.65,0.45,1.7,0.85,0.45,0.4,3.928571429,7.222222222,2.8125,13.07692308,3.541666667,5,2.666666667,0.2,0.95,0.2,6.666666667,19,6.666666666,35,20,20,25,30,25,35,10,20,25,40,15,35,25,30,10,20,40,40,0,50,20,30,0,30,5,50,15,100,90,95,100,65,90,10,0,0,0,0,45,45,10,0,0,0,60,35,5,0,0,0,65,35,0,0,0,0,20,45,30,5,0,0,2,1,3,3,2
4,10.45,6.35,12.7,5.7,15.5,5.4,10.1,75,71,79,44,65,60,67,13,8,16,10,21,8,14,10,7,13,6,17,6,11,7,3,7,1,3,1,2,10,7,,4,,,13,1.61,1.39,2.34,2.27,4.55,1.98,2.99,0.65,0.8,2.45,7.4,,0.65,0.8,2.45,7.4,5,5.45,,,3.95,4.35,,2.3,,3.95,4.35,,2.3,1.75,2.3,5.95,2,3.05,1.7,,,5.45,7.25,3.9,8.8,,1.6,1.25,3.15,1.2,,3.15,1.1,1.45,2.05,2.05,1.6,4.3,4.25,4.05,4.3,,10.1,2.65,2.75,12,1.8,1.7,2.05,,1.65,1.7,,,2.65,2.75,3.6,1.8,,2.25,4.25,2.4,2.6,,10.1,,,8.4,,1.7,65,80,61,82,,65,80,61,82,71,78,,,66,73,,58,,66,73,,77,88,58,85,67,76,85,,,78,81,78,80,,40,42,45,40,,35,55,73,68,41,32,61,71,67,61,,67,53,69,67,60,57,68,,55,57,,,53,69,60,60,,56,71,80,65,,67,,,70,,57,0.45,0.55,0.4,2,1.1,0.7,0.4,3.214285714,6.111111111,2.5,15.38461538,4.583333333,7.777777777,2.666666666,0.15,1.15,0,5,23,0,30,45,20,5,20,55,20,5,25,35,30,10,25,25,40,10,30,30,30,10,30,20,30,20,40,5,45,10,100,75,95,100,80,80,20,0,0,0,0,20,55,25,0,0,0,50,45,5,0,0,0,60,40,0,0,0,0,20,60,15,5,0,0,2,1,2,1,1
3,9.95,6,12.7,6.4,14.75,5.65,9.1,71,67,79,49,61,63,61,13,9,16,11,21,9,14,10,6,13,7,15,6,10,7,2,9,3,7,3,4,12,6,13,,19,4,,1.9,1.69,2.11,2.26,3.93,1.73,2.71,0.4,0.95,2.25,7.1,,0.4,0.95,2.25,7.1,4.65,5.3,,,3.75,4.2,,2.5,,3.75,4.2,,1.9,1.6,2.5,5.85,2.35,2.65,1.85,,,5.65,7.05,3.8,8.9,,1.8,1.4,3.3,1.6,,3.35,1.4,1.65,2.35,2.35,1.7,3.8,3.95,3.6,4.55,,9.1,2.7,2.95,11.3,1.95,1.5,1.95,,1.65,2.05,,,2.7,2.95,3.7,1.95,,1.85,3.95,1.95,2.5,,9.1,,,7.6,,1.5,40,95,56,79,,40,95,56,79,66,76,,,63,70,,63,,63,70,,63,80,63,84,78,66,93,,,81,78,76,81,,45,47,47,53,,37,70,83,78,47,34,54,66,60,65,,61,54,74,63,65,50,65,,55,68,,,54,74,62,65,,46,66,65,63,,61,,,63,,50,0.4,0.55,0.55,1.65,1.2,0.75,0.45,2.857142857,6.111111111,3.4375,12.69230769,5,8.333333333,3,0.3,1.05,0.1,9.999999999,21,3.333333333,30,25,35,10,15,55,20,10,25,30,40,5,35,25,30,10,30,20,35,15,35,20,40,5,20,15,40,25,100,90,90,100,80,80,20,0,0,0,0,25,65,10,0,0,0,60,30,10,0,0,0,80,20,0,0,0,0,15,65,20,0,0,0,2,2,2,2,2
3,9.7,6.1,11.55,5.95,14.95,5.35,9.6,69,68,72,46,62,59,64,13,9,15,11,21,8,14,10,7,12,6,17,5,11,6,0,5,2,5,2,2,8,,14,6,18,5,,2.34,2.47,2.98,2.42,4.67,1.46,3.52,0.5,0.7,2.3,6.85,,0.5,0.7,2.3,6.85,4.3,5.4,,,3.85,4.2,,2.4,,3.85,4.2,,2,1.7,2.4,5.55,2.1,2.15,1.75,,,5.45,6.1,3.35,8.2,,1.65,1.25,3.4,1.15,,3.2,1.25,1.5,2.05,2.15,1.75,3.85,4.2,4.15,4.05,,9.6,2.75,2.6,11.55,1.75,1.65,1.8,,1.95,1.6,,,2.75,2.6,3.6,1.75,,2.05,4.2,2.2,2.45,,9.6,,,7.95,,1.65,50,70,58,76,,50,70,58,76,61,77,,,64,70,,60,,64,70,,67,85,60,79,70,54,88,,,78,68,67,75,,41,42,49,38,,36,63,75,68,43,35,55,70,69,58,,64,55,65,64,58,55,60,,65,53,,,55,65,60,58,,51,70,73,61,,64,,,66,,55,0.8,0.7,0.6,1.6,1,0.75,0.25,5.714285715,7.777777777,3.75,12.30769231,4.166666667,8.333333333,1.666666667,0.1,1.05,0.05,3.333333333,21,1.666666667,35,20,25,20,30,40,15,15,10,35,35,20,25,35,25,15,15,40,30,15,15,30,45,10,45,5,35,15,100,65,90,100,65,50,50,0,0,0,0,35,30,35,0,0,0,40,50,10,0,0,0,60,40,0,0,0,0,20,45,30,5,0,0,2,2,2,3,3
3,9.4,5.85,12.25,5.8,14.85,5.75,9.1,67,65,77,45,62,64,61,14,9,16,11,23,9,15,10,6,14,6,16,6,10,5,2,7,2,6,2,2,10,7,14,,,6,11,2.68,1.73,2.94,2.28,5.05,2.05,3.64,0.6,0.75,1.75,6.85,,0.6,0.75,1.75,6.85,4.05,5.35,,,3.7,4.2,,2.35,,3.7,4.2,,1.95,1.55,2.35,5.5,2.35,2.65,1.75,,,5.6,6.65,3.5,8.75,,1.8,1.15,3.35,1.2,,3.35,1.05,1.4,1.95,2.25,1.6,4.2,4.1,3.65,4,,9.1,2.8,2.95,11.35,2,1.5,2.2,,1.85,1.7,,,2.8,2.95,3.75,2,,2,4.1,1.8,2.3,,9.1,,,7.6,,1.5,60,75,44,76,,60,75,44,76,58,76,,,62,70,,59,,62,70,,65,78,59,79,78,66,88,,,80,74,70,80,,45,38,48,40,,37,53,70,65,45,32,60,68,61,57,,61,56,74,63,67,50,73,,62,57,,,56,74,62,67,,50,68,60,58,,61,,,63,,50,0.65,0.55,0.3,1.65,1.05,1,0.05,4.642857143,6.111111111,1.875,12.69230769,4.375,11.11111111,0.333333333,0.2,1.05,0.05,6.666666667,21,1.666666667,15,35,25,25,15,45,35,5,25,30,25,20,30,25,25,20,30,25,20,25,35,20,30,15,30,0,50,20,100,75,100,100,80,85,15,0,0,0,0,25,50,25,0,0,0,30,70,0,0,0,0,70,30,0,0,0,0,15,65,20,0,0,0,2,2,2,2,3
1,10.35,6.25,12.3,6.45,13.95,5.25,8.7,74,69,77,50,58,58,58,14,8,16,10,21,9,13,11,6,13,7,14,6,9,6,4,9,2,6,2,3,11,6,10,,11,,,2.13,1.25,2.32,2.21,4.07,2.1,2.94,0.6,0.7,2.45,7.45,,0.6,0.7,2.45,7.45,4.8,5.55,,,3.8,4.35,,2.3,,3.8,4.35,,2.4,1.55,2.3,5.8,2.25,2.55,1.7,,,5.6,6.7,3.5,8.8,,2.05,1.3,3.55,1.3,,3.95,1.05,1.45,2.25,2.35,1.85,4,3.6,3.45,3.9,,8.7,2.65,2.6,11,1.65,1.3,2,,1.75,1.5,,,2.65,2.6,3.6,1.65,,2,3.6,1.7,2.4,,8.7,,,7.4,,1.3,60,70,61,83,,60,70,61,83,69,79,,,63,73,,58,,63,73,,80,78,58,83,75,64,85,,,80,74,70,80,,51,43,51,43,,44,53,73,75,47,37,57,60,58,56,,58,53,65,61,55,43,67,,58,50,,,53,65,60,55,,50,60,57,60,,58,,,62,,43,0.55,0.75,0.7,1.25,1.15,0.85,0.3,3.928571429,8.333333333,4.375,9.615384615,4.791666667,9.444444444,2,0.35,0.95,0.05,11.66666667,19,1.666666667,30,30,30,10,20,55,25,0,20,30,45,5,30,40,20,10,15,25,45,15,30,20,30,20,20,15,45,20,100,80,95,100,75,85,15,0,0,0,0,35,45,20,0,0,0,80,15,5,0,0,0,60,40,0,0,0,0,50,25,25,0,0,0,1,2,2,3,2
3,10.55,6,12.8,6.35,16.1,6.1,10,75,67,80,49,67,68,67,14,9,16,11,23,9,15,10,6,12,7,17,7,11,6,3,7,1,7,2,5,10,,12,,19,7,12,2.09,1.72,2.24,2.8,4.36,1.89,2.97,0.65,0.95,2.4,7.35,,0.65,0.95,2.4,7.35,5,5.55,,,3.7,4.25,,2.35,,3.7,4.25,,2.05,1.6,2.35,5.9,2.1,2.9,1.9,,,5.6,7.2,3.7,9.1,,2.25,1.2,3.2,1.4,,3.55,1.3,1.5,2.2,2.45,1.7,4.55,4.25,3.95,4.5,,10,3.1,3,12.25,2.2,1.65,2.25,,1.9,1.95,,,3.1,3,3.9,2.2,,2.3,4.25,2.05,2.55,,10,,,8.35,,1.65,65,95,60,82,,65,95,60,82,71,79,,,62,71,,59,,62,71,,68,80,59,84,70,73,95,,,80,80,74,83,,56,40,46,47,,39,65,75,73,49,34,65,71,66,64,,67,62,75,68,73,55,75,,63,65,,,62,75,65,73,,58,71,68,64,,67,,,70,,55,0.5,0.85,0.25,1.45,0.8,0.45,0.35,3.571428572,9.444444444,1.5625,11.15384615,3.333333333,5,2.333333333,0.2,1.05,0.15,6.666666666,21,5,30,45,20,5,25,35,35,5,35,10,50,5,35,25,25,15,35,30,20,15,55,10,20,15,40,0,45,15,100,85,100,100,60,65,35,0,0,0,0,35,50,15,0,0,0,45,55,0,0,0,0,40,60,0,0,0,0,25,35,40,0,0,0,2,1,1,3,2
3,9.75,6.05,12.15,6.35,14.35,5.2,9.15,70,67,76,49,60,58,61,14,8,16,12,20,9,14,10,7,13,7,14,5,9,6,1,5,2,7,2,3,9,7,13,9,12,5,7,2.1,1.93,3.66,2.62,3.73,2.07,2.89,0.35,0.95,2.15,7.05,,0.35,0.95,2.15,7.05,4.3,5.45,,,3.85,4.25,,2.4,,3.85,4.25,,2.15,1.5,2.4,5.55,2.2,2.75,1.65,,,5.55,6.6,3.6,8.55,,1.65,1.6,3.7,1.35,,3.55,1.2,1.6,2.15,2.25,1.95,3.75,3.7,3.5,4.3,,9.15,2.45,2.75,11.35,1.65,1.35,1.75,,1.6,1.85,,,2.45,2.75,3.55,1.65,,2,3.7,1.9,2.45,,9.15,,,7.8,,1.35,35,95,54,78,,35,95,54,78,61,78,,,64,71,,60,,64,71,,72,75,60,79,73,69,83,,,79,73,72,78,,41,53,53,45,,39,60,80,72,45,39,54,62,58,61,,61,49,69,63,55,45,58,,53,62,,,49,69,59,55,,50,62,63,61,,61,,,65,,45,0.45,0.65,0.3,1.2,1.25,0.9,0.35,3.214285715,7.222222222,1.875,9.230769229,5.208333333,9.999999999,2.333333333,0.15,0.9,0,5,18,0,15,35,40,10,20,50,20,10,30,40,5,25,30,30,25,15,20,20,45,15,30,10,40,20,25,5,65,5,100,70,95,100,70,75,25,0,0,0,0,40,30,30,0,0,0,45,50,5,0,0,0,75,25,0,0,0,0,45,25,30,0,0,0,2,2,2,2,2
4,10.4,5.5,12.7,6.4,15.2,5.5,9.7,74,61,79,49,63,61,65,14,9,16,11,23,8,15,11,5,13,5,16,6,10,6,2,9,1,4,1,3,12,,15,5,,4,14,2.37,1.99,2.13,3.02,5.21,1.96,3.54,0.6,0.9,2.15,7.45,,0.6,0.9,2.15,7.45,4.9,5.5,,,3.45,3.65,,1.95,,3.45,3.65,,2,1.55,1.95,6.15,2.1,2.55,1.9,,,5.7,7,3.85,8.85,,1.9,1.35,3.6,1.25,,3.55,1.2,1.65,2.3,2.3,1.8,4.4,4.2,3.8,4.1,,9.7,3,2.5,11.7,1.7,1.8,2,,1.9,1.6,,,3,2.5,3.8,1.7,,2.4,4.2,1.9,2.5,,9.7,,,7.9,,1.8,60,90,54,83,,60,90,54,83,70,79,,,57,61,,49,,57,61,,67,78,49,88,70,64,95,,,81,78,77,80,,48,45,51,42,,39,60,83,77,46,36,63,70,63,59,,65,60,63,65,57,60,67,,63,53,,,60,63,63,57,,60,70,63,63,,65,,,66,,60,0.35,0.85,0.3,1.15,1.1,0.65,0.45,2.5,9.444444444,1.875,8.846153846,4.583333334,7.222222222,3,0.35,0.8,0.05,11.66666667,16,1.666666667,40,30,10,20,15,30,40,15,30,25,40,5,40,5,40,15,30,20,35,15,35,20,35,10,35,10,35,20,100,90,100,90,95,75,25,0,0,0,0,45,45,10,0,0,0,65,35,0,0,0,0,45,45,10,0,0,0,25,70,5,0,0,0,3,1,2,2,2
2,8.95,5.45,10.7,4.75,13,4.85,8.15,64,61,67,37,54,54,54,14,8,16,10,18,7,12,10,5,11,6,13,5,9,4,2,6,1,5,2,2,10,,12,6,16,,10,2.63,1.57,2.77,2.4,3.58,1.5,2.56,0.5,0.75,2,6.35,,0.5,0.75,2,6.35,4.05,4.9,,,3.3,3.8,,1.9,,3.3,3.8,,2.05,1.5,1.9,5.15,1.75,2.1,1.7,,,4.95,5.75,2.95,7.75,,1.35,0.8,2.7,1,,2.35,0.8,1.6,2.1,1.4,1.25,3.5,3.8,3.15,3.45,,8.15,2.25,2.6,10.35,1.6,1.05,1.8,,1.55,1.5,,,2.25,2.6,3.25,1.6,,1.7,3.8,1.6,1.95,,8.15,,,7.1,,1.05,50,75,50,71,,50,75,50,71,58,70,,,55,63,,48,,55,63,,68,75,48,74,58,53,85,,,71,64,59,70,,34,27,39,33,,26,40,80,70,28,25,50,63,53,49,,54,45,65,58,53,35,60,,52,50,,,45,65,54,53,,43,63,53,49,,54,,,59,,35,0.6,0.6,0.5,1.85,1.4,1.05,0.35,4.285714286,6.666666666,3.125,14.23076923,5.833333333,11.66666667,2.333333333,0.2,1.2,0.1,6.666666666,24,3.333333333,10,50,5,35,10,35,50,5,5,20,50,25,10,40,15,35,0,45,30,25,15,25,40,20,5,25,40,30,100,80,90,100,75,85,15,0,0,0,0,35,45,20,0,0,0,45,45,10,0,0,0,75,25,0,0,0,0,30,45,25,0,0,0,2,1,2,3,1
3,9.4,5.65,11.3,5.95,13.5,5.3,8.2,67,63,71,46,56,59,55,14,9,16,11,20,8,13,10,6,13,6,14,6,9,5,2,6,2,4,2,2,10,8,14,8,10,,,2.26,2.28,3.03,2.72,4.24,1.75,2.91,0.55,0.9,1.95,6.65,,0.55,0.9,1.95,6.65,4.05,5.35,,,3.5,3.95,,2.2,,3.5,3.95,,1.8,1.65,2.2,5.55,1.95,2.05,1.75,,,5.3,6,3.4,7.9,,1.85,1.1,3.1,1.4,,3.15,1.3,1.5,2.1,2.35,1.5,3.7,3.65,3.3,3.9,,8.2,2.5,2.8,10.35,1.8,1.35,2.1,,1.55,1.65,,,2.5,2.8,3.5,1.8,,1.6,3.65,1.75,2.25,,8.2,,,6.85,,1.35,55,90,49,74,,55,90,49,74,58,76,,,58,66,,55,,58,66,,60,83,55,79,65,51,88,,,76,67,68,72,,46,37,44,47,,35,65,75,70,47,30,53,61,55,56,,55,50,70,58,60,45,70,,52,55,,,50,70,58,60,,40,61,58,56,,55,,,57,,45,0.55,0.8,0.4,1.55,1.25,0.9,0.35,3.928571429,8.888888888,2.5,11.92307692,5.208333333,9.999999999,2.333333333,0.3,1,0,9.999999999,20,0,10,40,35,15,30,30,20,20,5,45,20,30,35,15,30,20,15,25,30,30,30,25,30,15,10,15,50,25,100,70,95,100,45,70,30,0,0,0,0,35,35,25,5,0,0,45,50,5,0,0,0,50,50,0,0,0,0,25,20,45,10,0,0,1,1,1,1,1
1,9.7,5.85,11.7,6.05,14.35,5.25,9.1,69,65,73,47,60,58,61,13,8,15,9,21,9,14,9,6,13,7,16,5,10,6,3,6,2,6,1,3,,7,14,9,18,5,,2.08,1.66,2.9,2.61,4.34,1.94,3.18,0.6,0.75,2.35,6.7,,0.6,0.75,2.35,6.7,4.6,5.1,,,3.65,4,,2.15,,3.65,4,,2,1.7,2.15,5.8,1.95,2.4,1.55,,,5.4,6.3,3.35,8.35,,1.65,1.35,3.6,1.2,,3.3,1.1,1.65,2.25,2.3,1.5,3.9,3.8,3.85,3.75,,9.1,2.85,2.4,11.3,1.8,1.25,1.85,,1.9,1.5,,,2.85,2.4,3.45,1.8,,2.05,3.8,1.95,2.25,,9.1,,,7.85,,1.25,60,75,59,74,,60,75,59,74,66,73,,,61,67,,54,,61,67,,67,85,54,83,65,60,78,,,77,70,67,76,,41,45,51,40,,37,55,83,75,46,30,56,63,64,54,,61,57,60,63,60,42,62,,63,50,,,57,60,58,60,,51,63,65,56,,61,,,65,,42,0.7,0.55,0.4,1.05,1.05,0.75,0.3,5.000000001,6.111111111,2.5,8.076923076,4.375,8.333333333,2,0.2,0.7,0.05,6.666666666,14,1.666666667,20,25,45,10,15,45,25,15,15,35,15,35,40,20,20,20,15,40,20,25,25,20,40,15,25,10,40,25,100,75,95,85,80,75,25,0,0,0,0,35,40,20,5,0,0,45,50,5,0,0,0,55,30,15,0,0,0,40,40,20,0,0,0,2,2,2,2,3
1,9.45,5.65,10.3,6.3,13,4.75,8.25,68,63,64,48,54,53,55,13,9,15,11,20,8,12,10,6,11,6,14,5,9,4,0,4,2,2,1,1,9,,12,,,5,,2.61,2.37,3.23,2.13,4.95,1.89,3.45,0.5,0.8,1.85,6.9,,0.5,0.8,1.85,6.9,4.35,5.1,,,3.4,3.85,,2,,3.4,3.85,,2.1,1.55,2,5.1,1.7,2,1.5,,,4.75,5.55,2.9,7.4,,1.7,1.35,3.45,1.6,,3.35,1.3,1.65,2.1,2.55,1.65,3.6,3.35,3.55,3.6,,8.25,2.35,2.4,9.95,1.65,1.4,1.55,,1.65,1.55,,,2.35,2.4,3.1,1.65,,2.05,3.35,1.9,2.05,,8.25,,,6.85,,1.4,50,80,46,77,,50,80,46,77,62,73,,,57,64,,50,,57,64,,70,78,50,73,57,50,75,,,68,62,58,67,,43,45,49,53,,37,65,83,70,51,33,51,56,59,51,,55,47,60,55,55,47,52,,55,52,,,47,60,52,55,,51,56,63,51,,55,,,57,,47,0.55,0.8,0.65,1,1.35,1,0.35,3.928571429,8.888888888,4.0625,7.692307691,5.625,11.11111111,2.333333333,0.3,0.45,0.05,10,9,1.666666667,25,25,30,20,30,20,35,15,10,10,45,35,25,40,25,10,15,25,35,25,15,15,45,25,20,10,40,30,100,90,90,95,75,70,30,0,0,0,0,40,50,5,5,0,0,35,55,10,0,0,0,40,55,5,0,0,0,5,70,25,0,0,0,2,2,2,3,3
2,10.1,6.15,11.35,5.95,15.3,5.4,9.9,72,68,71,46,64,60,66,14,9,15,11,21,7,14,11,7,12,6,16,6,10,6,1,5,2,9,2,5,11,7,14,4,16,7,,2.29,2.21,2.91,2.52,3.63,1.5,2.53,0.6,0.7,2.15,7.35,,0.6,0.7,2.15,7.35,4.5,5.6,,,3.85,4.2,,2.35,,3.85,4.2,,2.05,1.75,2.35,5.15,2.05,2.5,1.65,,,5.1,6.25,3.3,8.05,,1.65,1.25,3.5,1.2,,3.2,1.1,1.65,2.2,2.15,1.6,4.3,4.15,3.8,4.3,,9.9,2.75,2.65,11.7,2,1.6,2.3,,1.55,1.55,,,2.75,2.65,3.4,2,,2,4.15,2.25,2.75,,9.9,,,8.3,,1.6,60,70,54,82,,60,70,54,82,64,80,,,64,70,,59,,64,70,,68,88,59,74,68,63,83,,,73,69,66,73,,41,42,50,40,,36,55,83,73,43,32,61,69,63,61,,66,55,66,65,67,53,77,,52,52,,,55,66,57,67,,50,69,75,69,,66,,,69,,53,0.55,0.75,0.4,1.3,0.8,0.75,0.05,3.928571429,8.333333333,2.5,9.999999999,3.333333333,8.333333333,0.333333333,0.25,0.75,0,8.333333333,15,0,25,35,25,15,25,45,15,15,10,35,25,30,30,20,35,15,20,45,20,15,30,25,35,10,30,10,55,5,100,80,95,100,85,75,25,0,0,0,0,25,55,20,0,0,0,40,55,5,0,0,0,80,20,0,0,0,0,25,60,10,5,0,0,2,2,3,3,2
3,9.95,6.5,12.45,6.15,15.1,6.15,8.95,71,72,78,47,63,68,60,14,9,16,12,21,9,13,10,7,14,6,16,7,9,7,4,6,1,7,3,2,,7,14,5,13,7,,1.99,1.28,2.74,2.83,3.89,1.69,2.8,0.65,0.9,2.45,6.8,,0.65,0.9,2.45,6.8,5,4.95,,,4.15,4.4,,2.45,,4.15,4.4,,2.35,1.7,2.45,6.05,2.15,2.5,1.75,,,5.75,6.7,3.45,9,,1.5,1.15,3.65,1.3,,3.25,1.1,1.8,2.3,1.95,1.9,3.85,3.65,4.15,4.35,,8.95,3.2,2.95,11.9,2.1,1.1,2,,2.15,2,,,3.2,2.95,4.05,2.1,,1.85,3.65,2,2.35,,8.95,,,7.85,,1.1,65,90,61,76,,65,90,61,76,71,71,,,69,73,,61,,69,73,,78,85,61,86,72,63,88,,,82,74,69,82,,38,38,52,43,,36,55,90,77,39,38,55,61,69,62,,60,64,74,66,70,37,67,,72,67,,,64,74,67,70,,46,61,67,59,,60,,,65,,37,0.6,0.55,0.25,1.05,1.1,0.8,0.3,4.285714286,6.111111111,1.5625,8.076923076,4.583333333,8.888888888,2,0.1,0.4,0,3.333333333,8,0,20,40,25,15,10,65,25,0,25,35,15,25,40,10,30,20,20,40,30,10,55,5,35,5,25,10,50,15,100,75,90,100,65,85,15,0,0,0,0,30,45,25,0,0,0,30,60,10,0,0,0,80,20,0,0,0,0,20,45,35,0,0,0,2,1,2,2,2
4,9.65,6.05,11.7,6.7,15.45,5.75,9.7,69,67,73,52,64,64,65,12,9,15,13,22,8,15,10,7,12,7,15,6,10,5,1,7,2,4,1,3,12,7,12,,15,7,9,2.28,2.09,2.36,3.03,4.16,1.89,2.87,0.55,0.85,1.9,7,,0.55,0.85,1.9,7,4.25,5.4,,,3.65,4.5,,2.3,,3.65,4.5,,2.2,1.55,2.3,5.3,2.15,2.65,1.6,,,5.35,6.35,3.15,8.55,,1.95,1.55,3.55,1.6,,3.8,1.45,1.45,2.2,2.6,1.9,4.1,4.15,4.1,4.25,,9.7,3.1,2.65,12.2,1.8,1.45,2,,2.1,1.65,,,3.1,2.65,3.95,1.8,,2.1,4.15,2,2.6,,9.7,,,8.25,,1.45,55,85,48,78,,55,85,48,78,61,77,,,61,75,,58,,61,75,,73,78,58,76,72,66,80,,,76,71,63,78,,49,52,51,53,,42,73,73,73,52,38,59,69,68,61,,65,62,66,68,60,48,67,,70,55,,,62,66,66,60,,53,69,67,65,,65,,,69,,48,0.85,0.7,0.15,0.65,0.95,0.7,0.25,6.071428572,7.777777777,0.9375,4.999999999,3.958333333,7.777777777,1.666666667,0.15,0.3,0,5,6,0,30,30,15,25,20,50,20,10,15,25,45,15,45,15,25,15,30,35,30,5,45,20,20,15,30,15,45,10,100,80,100,95,60,65,35,0,0,0,0,35,45,10,10,0,0,50,50,0,0,0,0,65,30,5,0,0,0,0,60,40,0,0,0,3,3,3,2,3
3,8.8,4.95,11.45,5.35,12.3,4.6,7.7,63,55,72,41,51,51,51,14,8,16,9,20,9,13,9,5,12,6,13,5,8,3,1,8,2,6,1,4,9,,14,,13,,,2.59,1.67,2.56,2.43,4.12,2.04,2.74,0.3,0.75,1.95,6.55,,0.3,0.75,1.95,6.55,3.9,4.9,,,3.05,3.6,,1.8,,3.05,3.6,,1.65,1.5,1.8,5.25,1.8,2.65,1.75,,,5.05,6.4,3.45,8,,1.15,1.25,3.1,1.25,,3,0.9,1.45,2,1.65,1.7,3.35,3.55,3.15,3.05,,7.7,2.2,2.4,9.85,1.35,1.1,1.55,,1.6,1.45,,,2.2,2.4,3.25,1.35,,1.8,3.55,1.55,1.6,,7.7,,,6.6,,1.1,30,75,49,73,,30,75,49,73,56,70,,,51,60,,45,,51,60,,55,75,45,75,60,66,88,,,72,71,69,73,,29,42,44,42,,33,45,73,67,33,34,48,59,53,44,,51,44,60,55,45,37,52,,53,48,,,44,60,54,45,,45,59,52,40,,51,,,55,,37,0.85,0.85,0.15,1.15,1.15,1.05,0.1,6.071428572,9.444444444,0.9375,8.846153846,4.791666667,11.66666667,0.666666667,0.35,0.5,0,11.66666667,10,0,10,30,30,30,5,35,40,20,10,30,30,30,25,25,20,30,10,15,45,30,15,15,50,20,15,5,50,30,100,80,95,95,65,75,25,0,0,0,0,10,70,20,0,0,0,50,45,5,0,0,0,60,35,5,0,0,0,25,40,30,5,0,0,1,1,2,2,1
3,10.15,6.65,12.7,6.7,15.9,5.65,10.25,73,74,79,52,66,63,68,14,9,16,11,21,9,15,10,7,13,7,17,6,11,7,2,7,1,8,3,4,10,6,,7,,6,,1.79,1.79,2.23,2.72,4.17,1.69,3.14,0.7,0.9,2.5,6.95,,0.7,0.9,2.5,6.95,5,5.15,,,4.05,4.75,,2.65,,4.05,4.75,,2.15,1.85,2.65,6.15,2.25,2.55,1.75,,,5.85,6.85,3.65,9.05,,2.6,1.25,3.25,1.3,,3.8,1.45,1.45,2.35,2.55,1.8,4.45,4.4,3.75,4.7,,10.25,2.75,2.9,12.15,1.9,1.85,2.15,,1.65,1.85,,,2.75,2.9,3.75,1.9,,2.3,4.4,2.1,2.85,,10.25,,,8.4,,1.85,70,90,63,77,,70,90,63,77,71,74,,,67,79,,66,,67,79,,72,93,66,88,75,64,88,,,84,76,73,82,,65,42,46,43,,42,73,73,78,51,36,64,73,63,67,,68,55,73,68,63,62,72,,55,62,,,55,73,63,63,,58,73,70,71,,68,,,70,,62,0.5,0.3,0.15,0.8,0.75,0.6,0.15,3.571428572,3.333333333,0.9375,6.153846153,3.125,6.666666666,1,0.2,0.5,0,6.666666667,10,0,25,40,25,10,35,45,15,5,25,35,35,5,40,25,20,15,35,35,10,20,30,25,35,10,35,15,35,15,100,65,95,95,70,80,20,0,0,0,0,20,45,30,5,0,0,60,35,5,0,0,0,60,35,5,0,0,0,20,50,25,5,0,0,1,2,2,2,2
3,9.95,6.2,12.75,7.25,15.2,5.5,9.7,71,69,80,56,63,61,65,14,9,16,11,22,8,14,11,7,14,8,15,6,9,4,1,5,2,6,2,2,12,9,14,,19,7,,3.03,2.5,2.99,2.75,4.48,2.01,3.01,0.6,0.85,2.2,7.1,,0.6,0.85,2.2,7.1,4.45,5.5,,,4.05,4.45,,2.7,,4.05,4.45,,1.9,1.6,2.7,5.85,2.45,2.8,1.65,,,5.8,6.95,3.8,8.95,,2.25,1.65,4.3,1.35,,4.45,1.25,1.55,2.2,2.8,2.25,3.85,4.6,3.85,4.1,,9.7,2.8,2.7,12,1.65,1.55,1.8,,1.95,1.75,,,2.8,2.7,3.85,1.65,,2.05,4.6,1.9,2.35,,9.7,,,8.15,,1.55,60,85,55,79,,60,85,55,79,64,79,,,67,74,,68,,67,74,,63,80,68,84,82,70,83,,,83,77,76,81,,56,55,61,45,,49,63,78,73,56,45,55,77,64,59,,65,56,68,67,55,52,60,,65,58,,,56,68,64,55,,51,77,63,59,,65,,,68,,52,0.55,0.55,0.05,0.7,1,0.9,0.1,3.928571429,6.111111111,0.3125,5.384615384,4.166666667,9.999999999,0.666666667,0.25,0.5,0.05,8.333333333,10,1.666666667,40,25,15,20,40,20,25,15,30,30,30,10,50,25,10,15,40,10,40,10,50,0,35,15,35,5,50,10,100,80,90,85,75,95,5,0,0,0,0,50,30,20,0,0,0,55,35,10,0,0,0,50,35,15,0,0,0,40,35,20,5,0,0,1,2,3,2,1
3,9.8,6.05,11.55,5.7,14.95,6.1,8.85,70,67,72,44,62,68,59,14,9,15,10,20,9,13,11,7,12,6,16,6,9,4,1,4,2,4,2,2,12,7,,8,16,7,9,2.61,1.99,2.89,2.45,3.63,1.52,2.64,0.4,0.8,2.6,6.9,,0.4,0.8,2.6,6.9,4.65,5.15,,,3.75,4.2,,2.3,,3.75,4.2,,2.2,1.55,2.3,5.4,2.2,2.35,1.6,,,5.35,6.2,3.1,8.45,,1.75,1.1,3.05,1.3,,3.05,1.15,1.5,2.15,2.05,1.5,4.4,3.75,3.8,4.1,,8.85,3.4,2.7,11.35,2.2,1.4,2.45,,2.1,1.55,,,3.4,2.7,3.9,2.2,,1.95,3.75,1.7,2.55,,8.85,,,7.45,,1.4,40,80,65,77,,40,80,65,77,66,74,,,63,70,,58,,63,70,,73,78,58,77,73,59,80,,,76,69,62,77,,44,37,44,43,,34,58,75,72,41,30,63,63,63,59,,59,68,68,63,73,47,82,,70,52,,,68,68,65,73,,49,63,57,64,,59,,,62,,47,0.65,0.7,0.25,0.85,0.55,0.5,0.05,4.642857143,7.777777777,1.5625,6.538461538,2.291666667,5.555555555,0.333333333,0.25,0.6,0,8.333333333,12,0,30,30,30,10,20,50,20,10,10,35,45,10,30,20,30,20,10,60,20,10,45,25,25,5,15,5,60,20,100,70,90,100,90,80,20,0,0,0,0,25,45,30,0,0,0,50,40,10,0,0,0,55,45,0,0,0,0,35,55,10,0,0,0,2,1,2,2,2
1,9,5.1,11.2,5.35,13.1,5.45,7.65,64,57,70,41,55,61,51,14,9,15,12,20,8,13,9,5,12,4,12,6,8,4,2,3,1,4,1,1,11,,,,,7,6,3.01,2.34,3.3,3.53,4.68,1.79,3.42,0.65,0.85,1.85,6.25,,0.65,0.85,1.85,6.25,4.35,4.65,,,3.15,3.5,,1.9,,3.15,3.5,,1.95,1.25,1.9,5.5,1.65,2.5,1.55,,,5.15,6.05,3.35,7.85,,1.7,1.1,2.9,1.2,,2.75,1.1,1.5,2.1,1.95,1.3,3.6,3.05,3.95,3.5,,7.65,2.85,2.6,9.95,1.8,1.35,1.95,,2.1,1.4,,,2.85,2.6,3.65,1.8,,1.65,3.05,1.85,2.1,,7.65,,,6.3,,1.35,65,85,46,69,,65,85,46,69,62,66,,,53,58,,48,,53,58,,65,63,48,79,55,63,78,,,74,67,67,71,,43,37,41,40,,31,55,75,70,39,26,51,51,66,50,,51,57,65,55,60,45,65,,70,47,,,57,65,61,60,,41,51,62,53,,51,,,53,,45,1.05,0.75,0.25,1.1,1.05,0.8,0.25,7.500000002,8.333333333,1.5625,8.461538461,4.375,8.888888888,1.666666667,0.4,0.75,0,13.33333333,15,0,15,30,25,30,15,30,20,35,20,20,35,25,25,15,25,35,15,25,40,20,35,15,40,10,15,15,30,40,100,70,85,100,60,75,25,0,0,0,0,30,40,30,0,0,0,35,50,15,0,0,0,60,40,0,0,0,0,25,35,35,5,0,0,2,2,2,3,2
2,9.35,5.5,11.7,5.4,13.9,5.35,8.55,67,61,73,42,58,59,57,13,9,16,10,21,8,13,9,5,12,5,14,5,8,6,2,8,3,4,2,2,9,,10,4,15,5,,2.11,1.7,2.47,2.28,3.86,1.79,2.72,0.65,0.85,2.1,6.4,,0.65,0.85,2.1,6.4,4.5,4.85,,,3.6,3.95,,2.35,,3.6,3.95,,1.9,1.25,2.35,5.4,2.3,2.35,1.65,,,5.25,6.45,3.25,8.45,,1.15,1.2,3.1,1.35,,3.05,0.95,1.4,1.85,1.75,1.8,4.05,3.85,3.35,3.6,,8.55,2.85,2.5,10.9,1.75,1.25,2.25,,1.6,1.5,,,2.85,2.5,3.6,1.75,,1.8,3.85,1.75,2.1,,8.55,,,7.3,,1.25,65,85,53,71,,65,85,53,71,64,69,,,60,66,,59,,60,66,,63,63,59,77,77,59,83,,,75,72,65,77,,29,40,44,45,,34,48,70,62,35,36,58,64,56,51,,57,57,63,61,58,42,75,,53,50,,,57,63,60,58,,45,64,58,53,,57,,,61,,42,0.6,0.35,0.15,0.65,1.15,1.05,0.1,4.285714286,3.888888889,0.9375,4.999999999,4.791666667,11.66666667,0.666666667,0.2,0.4,0.05,6.666666666,8,1.666666667,20,25,35,20,15,30,50,5,20,20,40,20,15,25,40,20,10,35,40,15,25,20,40,15,15,10,60,15,100,80,70,95,60,70,30,0,0,0,0,30,50,15,5,0,0,30,40,25,5,0,0,55,40,5,0,0,0,0,60,40,0,0,0,2,2,2,2,3
3,9.7,5.65,12.05,5.2,13.35,5.65,7.7,69,63,75,40,56,63,51,13,8,16,12,21,9,14,10,6,12,5,13,7,8,7,3,6,2,4,2,1,10,4,,4,17,7,10,1.89,1.66,2.87,2.42,4.45,2.06,3.18,0.45,0.85,2.1,6.95,,0.45,0.85,2.1,6.95,4.4,5.3,,,3.6,3.9,,2.25,,3.6,3.9,,1.8,1.6,2.25,5.8,2.05,2.45,1.75,,,5.65,6.4,3.35,8.7,,1.1,1.4,3.25,1.25,,2.7,1.05,1.45,1.7,2.2,1.3,3.95,3.3,3.45,3.6,,7.7,2.8,2.85,10.25,1.8,1.3,2.2,,1.75,1.7,,,2.8,2.85,3.85,1.8,,1.75,3.3,1.7,1.9,,7.7,,,6.4,,1.3,45,85,53,77,,45,85,53,77,63,76,,,60,65,,56,,60,65,,60,80,56,83,68,61,88,,,81,71,67,79,,28,47,46,42,,30,53,73,57,44,26,56,55,58,51,,51,56,71,57,60,43,73,,58,57,,,56,71,64,60,,44,55,57,48,,51,,,53,,43,0.75,0.8,0.35,0.9,0.9,0.85,0.05,5.357142858,8.888888888,2.1875,6.923076922,3.75,9.444444444,0.333333333,0.3,0.65,0,10,13,0,15,45,25,15,20,30,45,5,25,20,35,20,10,35,30,25,10,35,25,30,50,10,20,20,5,20,40,35,100,75,95,95,60,70,30,0,0,0,0,20,55,20,5,0,0,60,35,5,0,0,0,50,45,5,0,0,0,25,35,35,5,0,0,1,1,1,2,2
2,8.85,4.8,10.4,4.95,12.65,4.8,7.85,63,53,65,38,53,53,52,13,9,15,10,20,7,14,9,5,11,6,14,5,8,5,1,4,1,3,1,2,9,6,11,6,14,6,,1.87,1.99,2.91,2.42,4.23,1.54,3.33,0.3,0.85,2,6.15,,0.3,0.85,2,6.15,4,4.85,,,2.95,3.25,,1.75,,2.95,3.25,,1.7,1.35,1.75,4.9,1.65,2.15,1.7,,,4.65,5.75,2.85,7.55,,1.3,1,3.15,0.75,,2.75,0.75,1.45,2,1.7,1.25,3.75,2.85,3.1,3.7,,7.85,2.3,2.5,9.85,1.65,1.15,1.95,,1.3,1.55,,,2.3,2.5,3.15,1.65,,1.8,2.85,1.8,2.15,,7.85,,,6.7,,1.15,30,85,50,68,,30,85,50,68,57,69,,,49,54,,44,,49,54,,57,68,44,70,55,54,85,,,66,64,57,69,,33,33,45,25,,31,38,73,67,34,25,54,48,52,53,,52,46,63,55,55,38,65,,43,52,,,46,63,53,55,,45,48,60,54,,52,,,56,,38,1.15,0.85,0.45,0.5,1,0.95,0.05,8.214285715,9.444444444,2.8125,3.846153846,4.166666667,10.55555555,0.333333333,0.5,0.25,0.05,16.66666667,5,1.666666667,5,30,40,25,5,40,30,25,5,20,50,25,10,40,20,30,5,25,40,30,10,30,40,20,15,5,50,30,100,65,90,100,65,80,20,0,0,0,0,35,30,30,5,0,0,35,55,10,0,0,0,55,45,0,0,0,0,20,45,25,10,0,0,2,2,1,2,1
2,9,5.2,11.4,5,13.3,5.45,7.85,64,58,71,38,55,61,52,12,9,15,9,21,8,13,9,5,11,5,14,5,8,4,1,8,1,8,3,2,9,4,14,,14,5,9,1.86,2.02,2.46,2.27,3.79,1.54,3.18,0.45,0.75,1.95,6.6,,0.45,0.75,1.95,6.6,4.2,4.8,,,3.05,3.75,,1.8,,3.05,3.75,,1.7,1.7,1.8,5.55,1.75,2.3,1.8,,,5.05,6.35,3.5,7.9,,1.35,1.05,2.8,1.05,,2.35,1.05,1.6,2.1,1.65,1.25,3.3,3.5,3.5,3.85,,7.85,2.8,2.65,10.4,1.85,1.05,2,,1.75,1.7,,,2.8,2.65,3.6,1.85,,1.3,3.5,1.75,2.15,,7.85,,,6.8,,1.05,45,75,49,73,,45,75,49,73,60,69,,,51,62,,45,,51,62,,57,85,45,79,58,58,90,,,72,71,70,72,,34,35,40,35,,26,53,80,70,33,25,47,58,58,55,,52,56,66,58,62,35,67,,58,57,,,56,66,60,62,,33,58,58,54,,52,,,57,,35,0.65,0.6,0.2,0.65,0.8,0.65,0.15,4.642857144,6.666666666,1.25,5,3.333333333,7.222222222,1,0.35,0.4,0.05,11.66666667,8,1.666666667,5,35,45,15,10,35,40,15,10,30,30,30,15,30,25,30,10,25,30,35,25,15,50,10,20,5,40,35,100,80,95,95,65,70,30,0,0,0,0,45,35,20,0,0,0,40,55,5,0,0,0,45,50,5,0,0,0,25,40,30,5,0,0,3,1,2,3,2
3,9.65,5.25,11.85,5.7,14.2,5.65,8.55,69,58,74,44,59,63,57,13,9,16,10,22,9,14,10,5,13,6,14,6,9,3,2,5,2,7,3,4,11,,14,7,17,6,7,2.66,1.92,2.66,2.34,3.89,1.69,2.74,0.5,0.85,2.35,6.6,,0.5,0.85,2.35,6.6,4.35,5.3,,,3.4,3.4,,1.95,,3.4,3.4,,1.8,1.5,1.95,5.4,2.1,2.8,1.55,,,5.3,6.55,3.4,8.45,,1.65,1.15,3.1,1.2,,2.95,1.2,1.55,2.1,1.95,1.65,3.9,3.6,3.95,3.85,,8.55,3.05,2.6,10.8,1.95,1.45,2.2,,2,1.45,,,3.05,2.6,3.7,1.95,,1.7,3.6,1.95,2.4,,8.55,,,7.1,,1.45,50,85,59,73,,50,85,59,73,62,76,,,57,57,,49,,57,57,,60,75,49,77,70,70,78,,,76,73,68,77,,41,38,44,40,,33,60,78,70,39,33,56,60,66,55,,57,61,65,60,65,48,73,,67,48,,,61,65,62,65,,43,60,65,60,,57,,,59,,48,0.8,0.7,0.3,0.4,0.75,0.6,0.15,5.714285715,7.777777777,1.875,3.076923077,3.125,6.666666666,1,0.5,0.25,0.05,16.66666667,5,1.666666667,20,45,15,20,20,15,50,15,5,45,30,20,15,40,25,20,10,30,50,10,30,30,20,20,10,15,60,15,100,85,85,100,75,70,30,0,0,0,0,45,40,15,0,0,0,40,45,10,5,0,0,60,40,0,0,0,0,30,45,15,10,0,0,2,1,2,2,2
1,9.75,6,11.85,5.75,14.65,4.9,9.75,70,67,74,44,61,54,65,14,9,15,10,21,8,14,11,7,13,7,16,5,11,5,1,7,1,6,2,2,11,7,13,7,,4,11,2.81,2.18,2.35,2.63,3.94,1.52,3.06,0.55,0.75,2.25,6.8,,0.55,0.75,2.25,6.8,4.55,5.2,,,3.75,4.3,,2.4,,3.75,4.3,,1.95,1.65,2.4,5.6,2.05,2.45,1.75,,,5.2,6.65,3.6,8.25,,1.75,1.15,3.2,1.15,,3.2,1.05,1.5,2.1,1.9,1.75,3.8,4.15,3.4,4.55,,9.75,2.2,2.7,11.2,1.8,1.65,1.6,,1.45,1.85,,,2.2,2.7,3.1,1.8,,2.2,4.15,1.95,2.7,,9.75,,,8.1,,1.65,55,75,56,76,,55,75,56,76,65,74,,,63,72,,60,,63,72,,65,83,60,80,68,61,88,,,74,74,72,75,,44,38,46,38,,36,53,75,70,38,35,54,69,57,65,,65,44,68,62,60,55,53,,48,62,,,44,68,52,60,,55,69,65,68,,65,,,68,,55,0.55,0.85,0.25,0.55,0.85,0.8,0.05,3.928571429,9.444444444,1.5625,4.230769231,3.541666667,8.888888888,0.333333333,0.35,0.3,0,11.66666667,6,0,25,35,10,30,25,45,15,15,5,50,25,20,25,30,20,25,10,45,30,15,15,20,50,15,30,15,40,15,100,65,80,100,70,85,15,0,0,0,0,25,40,35,0,0,0,35,45,20,0,0,0,65,35,0,0,0,0,25,45,30,0,0,0,2,2,1,2,2
1,9.15,5.1,11.45,5.55,14.15,5.75,8.4,65,57,72,43,59,64,56,13,9,16,13,22,9,14,9,5,12,6,15,6,8,7,1,6,2,8,3,4,,4,,,15,,7,2.01,2.02,3.14,2.72,3.88,1.8,2.64,0.65,0.85,1.8,6.5,,0.65,0.85,1.8,6.5,3.95,5.2,,,3.35,3.2,,1.95,,3.35,3.2,,1.8,1.35,1.95,5.4,2,2.5,1.55,,,5.4,6.05,3.1,8.35,,1.35,1.3,3.35,1.2,,2.85,1,1.7,2.2,1.95,1.4,4.4,3.3,3.35,3.9,,8.4,3.2,2.55,11.05,1.95,1.15,2.3,,1.8,1.65,,,3.2,2.55,3.8,1.95,,2.1,3.3,1.55,2.25,,8.4,,,7.25,,1.15,65,85,45,72,,65,85,45,72,56,74,,,56,53,,49,,56,53,,60,68,49,77,67,63,78,,,77,67,62,76,,34,43,48,40,,32,50,85,73,39,28,63,55,56,56,,56,64,64,61,65,38,77,,60,55,,,64,64,63,65,,53,55,52,56,,56,,,60,,38,0.6,0.7,0.3,0.5,0.8,0.55,0.25,4.285714286,7.777777777,1.875,3.846153846,3.333333333,6.111111111,1.666666667,0.5,0.25,0.05,16.66666667,5,1.666666667,20,15,40,25,15,30,40,15,20,15,40,25,25,25,20,30,10,45,20,25,35,20,30,15,10,10,60,20,100,85,95,95,95,80,20,0,0,0,0,40,45,10,5,0,0,55,40,5,0,0,0,55,40,5,0,0,0,65,30,5,0,0,0,2,2,2,3,2
3,9.9,6.2,10.7,5.9,13.7,5.4,8.3,71,69,67,45,57,60,55,13,9,16,11,22,9,13,10,6,11,6,14,6,8,5,3,4,2,6,2,4,,6,,,,,,2.43,1.82,3.54,2.34,4.14,1.88,2.72,0.5,0.9,2.5,6.85,,0.5,0.9,2.5,6.85,4.85,5.05,,,4.15,4.05,,2.45,,4.15,4.05,,2.25,1.5,2.45,4.95,1.9,2.2,1.65,,,4.7,6,3.05,7.65,,1.9,0.95,3,1.25,,3.25,1.15,1.5,2.15,1.95,1.8,3.5,3.55,3.75,3.9,,8.3,2.75,2.65,10.8,1.6,1.3,1.9,,1.75,1.75,,,2.75,2.65,3.8,1.6,,1.6,3.55,2,2.15,,8.3,,,7,,1.3,50,90,63,76,,50,90,63,76,69,72,,,69,68,,61,,69,68,,75,75,61,71,63,55,83,,,67,67,61,70,,48,32,43,42,,36,58,75,72,39,36,50,59,62,56,,55,55,66,60,53,43,63,,58,58,,,55,66,63,53,,40,59,67,54,,55,,,58,,43,0.6,0.6,0.6,0.35,1.1,0.85,0.25,4.285714286,6.666666666,3.75,2.692307692,4.583333333,9.444444444,1.666666667,0.35,0.15,0,11.66666667,3,0,30,30,20,20,35,30,25,10,10,25,35,30,25,30,35,10,15,25,40,20,35,15,35,15,15,10,40,35,100,90,95,100,65,70,30,0,0,0,0,30,60,10,0,0,0,40,55,5,0,0,0,70,30,0,0,0,0,30,35,25,10,0,0,4,3,4,2,3
3,10.5,6.8,12.6,6.3,15.2,5.55,9.65,75,76,79,48,63,62,64,14,9,16,11,23,9,14,10,7,14,7,16,6,10,7,2,6,1,5,2,3,,7,15,,,3,,2.01,2.02,2.82,2.81,4.92,2.21,3.25,0.6,0.85,2.3,7.45,,0.6,0.85,2.3,7.45,5.1,5.4,,,4.25,4.65,,2.55,,4.25,4.65,,2.35,1.9,2.55,5.85,2.2,2.8,1.75,,,5.65,6.95,3.7,8.9,,1.7,1.45,3.45,1.5,,3.4,1.3,1.6,2.15,2.3,1.85,4.3,4.1,3.6,4.1,,9.65,2.65,2.9,12.15,1.7,1.35,1.9,,1.85,1.8,,,2.65,2.9,3.85,1.7,,2.4,4.1,1.75,2.3,,9.65,,,8.3,,1.35,60,85,58,83,,60,85,58,83,73,77,,,71,77,,64,,71,77,,78,95,64,84,73,70,88,,,81,77,74,81,,43,48,49,50,,38,65,80,72,46,37,61,68,60,59,,64,53,73,67,57,45,63,,62,60,,,53,73,64,57,,60,68,58,58,,64,,,69,,45,0.55,0.3,0.4,0.3,0.85,0.8,0.05,3.928571429,3.333333333,2.5,2.307692307,3.541666667,8.888888888,0.333333333,0.15,0.2,0.05,5,4,1.666666667,40,25,30,5,40,45,5,10,35,25,20,20,35,30,15,20,30,25,25,20,35,15,25,25,35,5,45,15,100,80,95,100,75,80,20,0,0,0,0,25,55,20,0,0,0,40,55,5,0,0,0,55,45,0,0,0,0,20,55,25,0,0,0,2,3,3,2,3
3,10.45,6,11.55,6.05,13.35,5.35,8,75,67,72,47,56,59,53,14,9,16,11,21,9,13,11,6,12,6,13,5,7,7,2,6,2,7,3,4,11,8,,5,11,5,6,2.14,2.29,3.03,2.67,4.03,1.46,3.08,0.55,0.85,2,7.95,,0.55,0.85,2,7.95,4.75,5.7,,,3.85,4,,2.4,,3.85,4,,2.1,1.5,2.4,5.5,1.7,2.7,1.65,,,5.1,6.45,3.5,8.05,,1.75,1.1,3.2,1.35,,3.4,1.2,1.45,2.05,1.95,2.05,3.95,3.45,3.2,3.45,,8,2.8,2.55,10.4,1.8,1.15,2.15,,1.75,1.45,,,2.8,2.55,3.55,1.8,,1.8,3.45,1.45,2,,8,,,6.85,,1.15,55,85,50,88,,55,85,50,88,68,81,,,64,67,,60,,64,67,,70,75,60,79,57,68,83,,,73,72,70,73,,44,37,46,45,,38,60,73,68,39,41,56,58,53,49,,53,56,64,58,60,38,72,,58,48,,,56,64,59,60,,45,58,48,50,,53,,,57,,38,0.35,0.4,0.25,0.7,0.95,0.75,0.2,2.5,4.444444444,1.5625,5.384615384,3.958333333,8.333333333,1.333333333,0.35,0.25,0.05,11.66666667,5,1.666666667,30,40,15,15,40,15,30,15,15,25,40,20,25,25,35,15,15,20,45,20,20,20,50,10,25,5,30,40,100,75,90,100,85,90,10,0,0,0,0,35,40,25,0,0,0,65,25,10,0,0,0,75,25,0,0,0,0,40,45,10,5,0,0,2,2,2,2,1
3,9.55,6.1,12.2,5.05,14.2,5.75,8.45,68,68,76,39,59,64,56,14,9,15,9,18,7,12,10,6,12,5,14,6,9,5,2,8,2,9,4,3,,7,12,,13,7,10,2.5,1.94,2.07,2.06,2.24,1.12,2.09,0.5,0.95,2,6.9,,0.5,0.95,2,6.9,4.5,5.05,,,3.8,4.15,,2.3,,3.8,4.15,,2.2,1.6,2.3,5.8,2.15,2.5,1.75,,,5.7,6.5,3.35,8.85,,1.25,1.15,2.75,1.2,,2.55,1,1.5,2.15,1.7,1.2,3.65,3.65,3.8,4.05,,8.45,3,2.75,11.15,1.85,1.2,2,,1.9,1.85,,,3,2.75,3.9,1.85,,1.65,3.65,1.9,2.2,,8.45,,,7.25,,1.2,50,95,50,77,,50,95,50,77,64,72,,,63,69,,58,,63,69,,73,80,58,83,72,63,88,,,81,72,67,80,,31,38,39,40,,28,50,75,72,34,24,52,61,63,58,,56,60,69,62,62,40,67,,63,62,,,60,69,65,62,,41,61,63,55,,56,,,60,,40,0.4,0.65,0.75,0.35,0.85,0.7,0.15,2.857142857,7.222222222,4.6875,2.692307692,3.541666667,7.777777777,1,0.55,0.25,0.05,18.33333333,5,1.666666667,20,40,10,30,20,45,25,10,20,20,50,10,10,35,25,30,0,40,55,5,35,20,45,0,5,30,50,15,100,90,100,95,75,75,25,0,0,0,0,30,60,10,0,0,0,55,45,0,0,0,0,55,40,5,0,0,0,35,40,25,0,0,0,3,1,1,1,2
3,10.7,6.55,12.3,6.65,15.45,5.6,9.85,76,73,77,51,64,62,66,14,9,16,11,22,8,15,12,7,14,8,17,6,11,3,0,5,1,2,1,1,12,7,,9,19,,,2.98,2.26,3.5,2.78,4.75,1.73,3.44,0.7,0.95,2.45,7.35,,0.7,0.95,2.45,7.35,5.35,5.35,,,4.1,4.65,,2.45,,4.1,4.65,,2.45,1.65,2.45,5.5,2.3,2.9,1.6,,,5.5,6.8,3.9,8.4,,2,1.3,3.7,1.5,,3.95,1.1,1.6,2.35,2.4,1.9,4.45,4.05,3.9,4.3,,9.85,3,2.6,11.7,2.1,1.65,1.9,,1.7,2,,,3,2.6,3.5,2.1,,2.55,4.05,2.2,2.3,,9.85,,,8.2,,1.65,70,95,61,82,,70,95,61,82,76,76,,,68,77,,61,,68,77,,82,83,61,79,77,73,80,,,79,76,78,76,,50,43,53,50,,44,55,80,78,48,38,64,67,65,61,,66,60,65,65,70,55,63,,57,67,,,60,65,58,70,,64,67,73,58,,66,,,68,,55,0.45,0.25,0.35,0.3,0.85,0.65,0.2,3.214285714,2.777777778,2.1875,2.307692308,3.541666667,7.222222222,1.333333333,0.2,0.25,0.05,6.666666667,5,1.666666667,50,30,10,10,35,45,10,10,35,25,15,25,50,15,20,15,30,35,20,15,35,20,35,10,30,15,40,15,100,75,90,90,80,60,40,0,0,0,0,40,35,20,5,0,0,60,30,10,0,0,0,55,35,10,0,0,0,20,60,15,5,0,0,1,2,2,3,2
3,9.3,5.15,11,6,14.5,5.2,9.3,66,57,69,46,60,58,62,13,9,15,13,21,9,15,10,6,12,6,14,5,10,4,1,6,1,5,2,3,,7,12,8,20,,11,2.62,2.21,2.94,3.01,4.84,2.14,3.08,0.4,0.95,1.75,6.8,,0.4,0.95,1.75,6.8,4.1,5.2,,,3.1,3.65,,2.05,,3.1,3.65,,1.55,1.55,2.05,5.2,1.85,2.3,1.65,,,5,6,3.25,7.75,,1.95,1.3,3.25,1.3,,3.3,1.3,1.4,2,2.55,1.45,3.95,4.05,3.4,4.05,,9.3,2.55,2.65,11.25,1.95,1.3,1.85,,1.75,1.6,,,2.55,2.65,3.25,1.95,,2.1,4.05,1.65,2.45,,9.3,,,8,,1.3,40,95,44,76,,40,95,44,76,59,74,,,52,61,,51,,52,61,,52,78,51,74,62,58,83,,,71,67,65,70,,49,43,46,43,,37,65,70,67,51,29,56,67,57,58,,62,51,66,63,65,43,62,,58,53,,,51,66,54,65,,53,67,55,61,,62,,,67,,43,0.65,0.75,0.55,0.35,0.55,0.5,0.05,4.642857143,8.333333333,3.4375,2.692307692,2.291666667,5.555555555,0.333333333,0.55,0.2,0,18.33333333,4,0,20,30,25,25,10,40,25,25,15,20,30,35,40,10,25,25,30,20,30,20,25,20,25,30,20,5,60,15,100,80,95,95,75,85,15,0,0,0,0,30,50,15,5,0,0,45,50,5,0,0,0,70,25,5,0,0,0,25,50,20,5,0,0,3,3,2,2,2
3,9.8,5.35,11.35,5.75,14.75,5.7,9.05,70,59,71,44,61,63,60,14,9,15,11,21,9,14,10,6,13,6,17,6,10,4,1,3,1,6,3,1,10,7,,,18,,,2.57,2.58,3.59,3.01,4.72,1.72,3.82,0.55,0.85,2.4,6.8,,0.55,0.85,2.4,6.8,4.6,5.2,,,3.55,3.7,,2.2,,3.55,3.7,,1.65,1.5,2.2,5.1,2.2,2.5,1.55,,,5.05,6.3,3.35,8,,1.75,1.15,3.45,1.2,,3.35,1.05,1.35,1.7,2.35,1.7,4.55,3.75,3.8,3.75,,9.05,2.85,2.85,11.25,1.9,1.6,2.25,,1.85,1.6,,,2.85,2.85,3.8,1.9,,2.3,3.75,1.95,2.15,,9.05,,,7.45,,1.6,55,85,60,76,,55,85,60,76,66,74,,,59,62,,55,,59,62,,55,75,55,73,73,63,78,,,72,70,67,73,,44,38,49,40,,37,53,68,57,47,34,65,62,63,54,,60,57,71,63,63,53,75,,62,53,,,57,71,63,63,,58,62,65,54,,60,,,62,,53,0.3,0.5,0.5,0.3,0.5,0.3,0.2,2.142857143,5.555555555,3.125,2.307692307,2.083333333,3.333333333,1.333333333,0.35,0.15,0,11.66666667,3,0,25,50,5,20,20,35,20,25,25,30,15,30,35,20,15,30,20,35,25,20,35,20,35,10,30,10,40,20,100,95,90,95,75,90,10,0,0,0,0,50,45,5,0,0,0,65,25,10,0,0,0,75,20,5,0,0,0,40,35,20,5,0,0,2,2,1,2,2
3,10.35,5.9,12,6.4,14.75,5.6,9.15,74,66,75,49,61,62,61,14,9,16,10,24,9,15,10,7,13,7,15,6,10,6,2,3,1,9,3,5,9,7,13,,,6,10,2.48,2.07,2.87,2.66,4,1.67,2.74,0.6,0.95,2.6,6.95,,0.6,0.95,2.6,6.95,5,5.35,,,3.9,3.75,,2.4,,3.9,3.75,,2,1.5,2.4,5.55,2.1,2.5,1.85,,,5,7,3.8,8.2,,1.8,1.4,3.6,1.45,,3.55,1.25,1.6,2.15,2.35,1.9,4.2,4.1,3.65,3.75,,9.15,2.95,2.65,11.7,1.75,1.3,2.15,,1.8,1.65,,,2.95,2.65,3.85,1.75,,2.05,4.1,1.85,2.1,,9.15,,,7.85,,1.3,60,95,65,77,,60,95,65,77,71,76,,,65,62,,60,,65,62,,67,75,60,79,70,63,93,,,71,78,76,75,,45,47,51,48,,39,63,80,72,47,38,60,68,61,54,,61,59,66,65,58,43,72,,60,55,,,59,66,64,58,,51,68,62,53,,61,,,65,,43,0.35,0.7,0.3,0.2,1,0.75,0.25,2.5,7.777777777,1.875,1.538461538,4.166666667,8.333333333,1.666666667,0.4,0.1,0,13.33333333,2,0,40,10,40,10,20,40,20,20,10,45,35,10,40,20,25,15,20,30,30,20,30,30,30,10,15,20,45,20,100,65,90,95,75,70,30,0,0,0,0,30,35,30,5,0,0,35,55,10,0,0,0,65,30,5,0,0,0,15,60,25,0,0,0,2,2,2,3,2
3,9.6,5.85,12.35,5.75,13.9,5.45,8.45,69,65,77,44,58,61,56,13,8,16,11,19,8,12,10,6,13,6,14,6,8,5,4,6,2,10,3,4,,6,13,6,11,,8,2.16,1.14,2.68,2.24,3.02,1.57,2.28,0.65,0.85,2.05,6.8,,0.65,0.85,2.05,6.8,4.7,4.9,,,3.8,3.95,,2.25,,3.8,3.95,,2.15,1.45,2.25,5.4,2.4,2.8,1.75,,,5.4,6.95,3.9,8.45,,1.35,1.25,3.4,1.2,,3.1,1.05,1.6,2,1.9,1.85,4.15,3.1,3.65,4.2,,8.45,2.75,2.7,10.5,1.85,1.55,2.15,,1.75,1.55,,,2.75,2.7,3.6,1.85,,2,3.1,1.9,2.65,,8.45,,,6.9,,1.55,65,85,51,76,,65,85,51,76,67,70,,,63,66,,56,,63,66,,72,73,56,77,80,70,88,,,77,77,78,77,,34,42,49,40,,34,53,80,67,38,37,59,52,61,60,,56,55,68,58,62,52,72,,58,52,,,55,68,60,62,,50,52,63,66,,56,,,58,,52,0.6,0.8,0.25,0.25,0.5,0.45,0.05,4.285714286,8.888888888,1.5625,1.923076923,2.083333333,5,0.333333333,0.5,0.2,0,16.66666667,4,0,20,35,25,20,10,50,40,0,25,30,30,15,20,35,30,15,10,25,55,10,30,25,25,20,15,5,60,20,100,65,95,100,75,75,25,0,0,0,0,40,25,35,0,0,0,40,55,5,0,0,0,55,45,0,0,0,0,10,65,20,5,0,0,2,2,2,2,3
3,9.55,5.85,12.6,5.5,14.7,5.85,8.85,68,65,79,42,61,65,59,13,9,16,11,22,8,14,10,7,14,5,14,5,9,5,2,6,1,8,3,4,12,7,14,5,14,,10,2.44,1.9,2.8,2.72,3.8,1.73,3.01,0.5,0.8,2.1,6.8,,0.5,0.8,2.1,6.8,4.25,5.3,,,3.65,3.8,,2.15,,3.65,3.8,,2.05,1.65,2.15,5.8,2.2,2.75,1.85,,,5.5,7.1,3.8,8.8,,1.5,1.05,2.95,1.25,,2.9,1.05,1.55,2.1,1.75,1.65,4.45,3.3,3.65,4.3,,8.85,3,2.85,11.45,1.95,1.3,2.2,,1.9,1.75,,,3,2.85,3.9,1.95,,2.25,3.3,1.75,2.55,,8.85,,,7.55,,1.3,50,80,53,76,,50,80,53,76,61,76,,,61,63,,54,,61,63,,68,83,54,83,73,69,93,,,79,79,76,80,,38,35,42,42,,32,53,78,70,35,33,64,55,61,61,,59,60,71,64,65,43,73,,63,58,,,60,71,65,65,,56,55,58,64,,59,,,63,,43,0.3,0.7,0.15,0.2,0.7,0.6,0.1,2.142857143,7.777777777,0.9375,1.538461538,2.916666667,6.666666666,0.666666667,0.4,0.1,0,13.33333333,2,0,30,20,30,20,15,45,25,15,20,50,15,15,15,30,30,25,15,25,45,15,40,5,50,5,20,20,30,30,100,85,95,100,75,55,45,0,0,0,0,35,50,15,0,0,0,55,40,5,0,0,0,60,40,0,0,0,0,25,50,25,0,0,0,2,2,2,2,2
1,9.95,5.7,12,6.45,15.3,5.85,9.45,71,63,75,50,64,65,63,14,9,16,12,23,9,15,10,6,13,6,16,6,9,5,2,6,2,4,1,3,10,5,14,4,,5,,2.56,2.39,2.94,2.74,4.58,1.87,2.98,0.7,0.75,2.2,7.1,,0.7,0.75,2.2,7.1,4.45,5.5,,,3.75,3.85,,2.3,,3.75,3.85,,2.05,1.35,2.3,5.65,2.05,2.45,1.85,,,5.45,6.55,3.4,8.6,,1.75,1.35,3.55,1.7,,3.55,1.35,1.55,2,2.55,1.9,3.9,4,4,4.35,,9.45,2.95,2.9,11.8,2.1,1.4,1.85,,2,2,,,2.95,2.9,3.75,2.1,,2.05,4,2,2.35,,9.45,,,8.05,,1.4,70,75,55,79,,70,75,55,79,64,79,,,63,64,,58,,63,64,,68,68,58,81,68,61,93,,,78,73,68,78,,44,45,51,57,,39,68,78,67,51,38,56,67,67,62,,63,59,73,66,70,47,62,,67,67,,,59,73,62,70,,51,67,67,59,,63,,,67,,47,0.45,0.75,0.35,0.3,0.4,0.35,0.05,3.214285715,8.333333333,2.1875,2.307692308,1.666666667,3.888888889,0.333333333,0.45,0.15,0,15,3,0,30,35,15,20,30,20,30,20,20,30,25,25,35,25,30,10,20,40,35,5,40,15,40,5,20,15,55,10,100,90,95,95,85,70,30,0,0,0,0,40,50,10,0,0,0,60,35,5,0,0,0,75,20,5,0,0,0,20,65,15,0,0,0,2,1,1,2,1
1,9.9,6.05,11.3,5.65,15.2,5.7,9.5,71,67,71,43,63,63,63,13,9,16,12,22,8,14,11,7,12,6,16,6,10,3,1,3,2,3,1,2,11,8,15,,14,5,10,2.59,2.28,4.16,2.74,4.51,1.87,3.32,0.45,0.85,2.3,7.1,,0.45,0.85,2.3,7.1,4.65,5.25,,,3.85,3.85,,2.1,,3.85,3.85,,2.35,1.6,2.1,5.05,1.9,2.65,1.7,,,4.85,6.45,3.55,7.75,,1.55,1.3,2.95,1.35,,3.15,1.15,1.35,1.95,1.9,1.8,4.25,4.25,4,4,,9.5,2.95,2.75,11.5,2.1,1.6,2.1,,1.9,1.7,,,2.95,2.75,3.6,2.1,,2.15,4.25,2.1,2.3,,9.5,,,7.9,,1.6,45,85,58,79,,45,85,58,79,66,75,,,64,64,,53,,64,64,,78,80,53,72,63,66,85,,,69,72,71,70,,39,43,42,45,,35,58,68,65,38,36,61,71,67,57,,63,59,69,64,70,53,70,,63,57,,,59,69,60,70,,54,71,70,58,,63,,,66,,53,0.15,0.55,0.35,0.2,0.45,0.2,0.25,1.071428571,6.111111111,2.1875,1.538461538,1.875,2.222222222,1.666666667,0.45,0.1,0,15,2,0,25,40,25,10,35,25,25,15,35,15,15,35,20,30,25,25,25,35,25,15,40,10,40,10,25,25,35,15,100,80,95,100,70,75,25,0,0,0,0,45,35,20,0,0,0,55,40,5,0,0,0,50,50,0,0,0,0,20,50,20,10,0,0,1,1,2,2,2
1,9.6,5.85,11.05,5.5,14.4,5.6,8.8,69,65,69,42,60,62,59,14,9,15,11,23,9,14,10,6,12,6,14,6,9,3,2,7,2,9,3,6,10,,13,,13,6,,2.58,1.87,2.35,2.5,3.68,1.76,2.42,0.5,0.8,2.25,6.85,,0.5,0.8,2.25,6.85,4.55,5.05,,,3.65,3.8,,1.9,,3.65,3.8,,2.35,1.6,1.9,5.25,2,2.2,1.6,,,5.1,5.95,2.95,8.1,,1.75,0.9,3.05,1,,3.05,0.85,1.6,2.3,1.8,1.4,3.85,3.85,3.6,3.8,,8.8,2.7,2.9,11.5,1.85,1.05,2,,1.9,1.7,,,2.7,2.9,3.75,1.85,,1.85,3.85,1.7,2.1,,8.8,,,7.75,,1.05,50,80,56,76,,50,80,56,76,65,72,,,61,63,,48,,61,63,,78,80,48,75,67,55,80,,,73,66,59,74,,44,30,44,33,,34,43,80,77,36,28,55,64,60,54,,59,54,73,64,62,35,67,,63,57,,,54,73,62,62,,46,64,57,53,,59,,,65,,35,0.5,0.45,0.15,0.1,0.6,0.4,0.2,3.571428572,5,0.9375,0.769230769,2.5,4.444444444,1.333333333,0.4,0.05,0,13.33333333,1,0,20,35,30,15,10,60,15,15,5,30,40,25,20,30,20,30,15,20,55,10,30,25,30,15,15,20,45,20,100,75,90,95,80,80,20,0,0,0,0,20,55,25,0,0,0,45,45,10,0,0,0,60,35,5,0,0,0,20,60,20,0,0,0,2,3,2,3,2
3,9.3,5.5,11.5,5.4,13.9,5.15,8.75,66,61,72,42,58,57,58,12,9,16,11,22,9,14,9,6,12,5,13,5,9,6,1,4,2,6,2,3,9,,,4,,4,7,1.84,2.31,3.3,2.48,4.54,1.93,3.23,0.35,0.75,2.05,6.85,,0.35,0.75,2.05,6.85,4.15,5.15,,,3.45,3.65,,1.9,,3.45,3.65,,2.05,1.55,1.9,5.05,2.2,2.5,1.75,,,4.95,6.55,3.5,8,,1.75,0.9,3.1,0.95,,3.05,0.85,1.5,2.1,1.65,1.65,3.75,3.5,3.4,4.1,,8.75,2.5,2.65,11.1,1.75,1.05,2.05,,1.5,1.6,,,2.5,2.65,3.4,1.75,,1.7,3.5,1.9,2.5,,8.75,,,7.7,,1.05,35,75,51,76,,35,75,51,76,59,74,,,57,61,,48,,57,61,,68,78,48,72,73,63,88,,,71,73,70,73,,44,30,44,32,,34,43,75,70,33,33,54,58,57,59,,58,50,66,62,58,35,68,,50,53,,,50,66,57,58,,43,58,63,63,,58,,,64,,35,0.45,0.75,0.35,0.4,0.5,0.3,0.2,3.214285715,8.333333333,2.1875,3.076923077,2.083333333,3.333333333,1.333333333,0.45,0.25,0,15,5,0,20,15,50,15,20,40,15,25,25,15,35,25,15,30,35,20,15,30,30,25,30,10,45,15,25,10,40,25,100,85,80,95,70,90,10,0,0,0,0,25,60,15,0,0,0,55,25,20,0,0,0,65,30,5,0,0,0,20,50,25,5,0,0,1,2,2,3,2
1,9.9,5.8,12.25,5.65,14.7,5.9,8.8,71,64,77,43,61,66,59,14,9,16,9,21,9,13,9,6,13,5,15,6,10,6,3,7,3,8,2,3,9,5,13,4,16,8,12,2.47,1.85,2.36,2.13,3.57,1.86,2.98,0.55,0.95,2.05,7,,0.55,0.95,2.05,7,4.75,5.15,,,3.6,3.95,,2.25,,3.6,3.95,,2.05,1.5,2.25,5.85,2.35,2.15,1.9,,,5.7,6.55,3.55,8.7,,1.6,1.2,3.15,1.4,,3.15,1.15,1.35,1.75,2.15,1.75,4.05,3.75,3.85,4.35,,8.8,3.2,2.7,11.35,2,1.35,2.2,,1.95,1.75,,,3.2,2.7,3.9,2,,1.85,3.75,1.9,2.6,,8.8,,,7.45,,1.35,55,95,51,78,,55,95,51,78,68,74,,,60,66,,56,,60,66,,68,75,56,84,78,54,95,,,81,73,71,79,,40,40,45,47,,35,58,68,58,43,35,58,62,64,62,,59,64,68,63,67,45,73,,65,58,,,64,68,65,67,,46,62,63,65,,59,,,62,,45,0.35,0.55,0.2,0.1,0.6,0.5,0.1,2.5,6.111111111,1.25,0.769230769,2.5,5.555555555,0.666666667,0.35,0.05,0,11.66666667,1,0,35,10,35,20,25,25,40,10,15,40,30,15,30,15,40,15,15,35,35,15,35,20,40,5,25,15,30,30,100,80,90,100,75,60,40,0,0,0,0,30,50,20,0,0,0,50,40,10,0,0,0,50,50,0,0,0,0,30,45,25,0,0,0,2,2,2,2,2
1,8.95,5.35,10.7,5.75,13.05,5.15,7.9,64,59,67,44,54,57,53,13,9,16,12,21,9,13,9,5,11,6,15,5,9,3,2,5,2,2,1,1,9,4,15,6,15,5,10,3,2.37,3.77,2.43,5.48,2.08,3.81,0.4,0.75,2.1,6.3,,0.4,0.75,2.1,6.3,4.15,4.8,,,3.25,3.75,,1.95,,3.25,3.75,,1.85,1.55,1.95,5.05,1.95,2.15,1.55,,,4.9,5.8,3.05,7.65,,1.75,1.05,2.95,1.3,,3,1.2,1.55,2.2,1.95,1.6,3.85,3.4,3.05,3.55,,7.9,2.35,2.8,9.95,2,1.1,1.9,,1.55,1.7,,,2.35,2.8,3.15,2,,1.95,3.4,1.5,1.85,,7.9,,,6.8,,1.1,40,75,53,70,,40,75,53,70,59,69,,,54,62,,49,,54,62,,62,78,49,72,65,54,78,,,70,64,61,70,,44,35,42,43,,33,60,78,73,39,32,55,57,51,51,,53,47,70,55,67,37,63,,52,57,,,47,70,53,67,,49,57,50,46,,53,,,57,,37,0.45,0.5,0.25,0.25,0.45,0.3,0.15,3.214285715,5.555555555,1.5625,1.923076923,1.875,3.333333333,1,0.25,0.2,0,8.333333333,4,0,25,15,30,30,25,15,35,25,25,10,30,35,15,50,10,25,15,35,20,30,30,10,40,20,20,15,30,35,100,75,85,100,70,80,20,0,0,0,0,30,45,15,10,0,0,35,50,15,0,0,0,55,45,0,0,0,0,45,25,30,0,0,0,1,2,2,2,2
1,9.55,6.1,11.65,6.05,15.65,5.45,10.2,68,68,73,47,65,61,68,14,9,16,11,22,8,14,10,7,12,6,16,6,11,4,1,5,1,6,2,4,9,8,10,6,15,6,11,2.63,2.29,3.17,2.42,3.98,1.57,2.8,0.65,0.9,1.85,6.85,,0.65,0.9,1.85,6.85,4.5,5.05,,,3.75,4.45,,2.5,,3.75,4.45,,1.95,1.65,2.5,5.95,2.15,1.95,1.6,,,5.6,6.05,3.25,8.4,,1.7,1.3,3.15,1.45,,3.55,1.1,1.4,2.05,1.95,2.05,4.25,4.15,3.9,4.6,,10.2,2.65,2.8,12.2,1.95,1.5,1.95,,1.7,1.8,,,2.65,2.8,3.5,1.95,,2.3,4.15,2.2,2.8,,10.2,,,8.7,,1.5,65,90,46,76,,65,90,46,76,64,72,,,62,74,,63,,62,74,,65,83,63,85,72,49,80,,,80,67,65,76,,43,43,45,48,,39,55,70,68,39,41,61,69,65,66,,68,53,70,68,65,50,65,,57,60,,,53,70,58,65,,58,69,73,70,,68,,,73,,50,0.6,0.5,0.25,0.25,0.5,0.35,0.15,4.285714286,5.555555555,1.5625,1.923076923,2.083333333,3.888888889,1,0.3,0.25,0,10,5,0,25,25,30,20,35,25,25,15,25,25,25,25,25,40,20,15,25,45,20,10,25,35,25,15,30,15,45,10,95,70,95,100,75,60,35,5,0,0,0,30,40,25,5,0,0,35,60,5,0,0,0,70,30,0,0,0,0,10,65,25,0,0,0,2,1,1,2,1
3,10.2,6,12.2,6.75,14.75,5.45,9.3,73,67,76,52,61,61,62,14,8,16,11,22,8,14,11,7,13,6,15,6,9,4,3,8,3,7,3,3,,7,13,5,14,4,9,2.67,1.92,2.67,2.4,4.33,1.64,3.18,0.5,0.85,2.25,7.3,,0.5,0.85,2.25,7.3,4.75,5.45,,,3.85,3.9,,2.2,,3.85,3.9,,2.2,1.6,2.2,5.6,2.15,2.8,1.65,,,5.35,6.85,3.6,8.6,,2.05,1.45,3.9,1.35,,4.05,1.05,1.65,2.45,2.4,1.9,4,4.05,3.75,4.25,,9.3,2.7,2.75,11.45,1.9,1.4,2,,1.8,1.65,,,2.7,2.75,3.55,1.9,,2,4.05,1.95,2.6,,9.3,,,7.9,,1.4,50,85,56,81,,50,85,56,81,68,78,,,64,65,,55,,64,65,,73,80,55,80,72,70,83,,,76,76,72,78,,51,48,56,45,,45,53,83,82,48,38,57,68,63,61,,62,54,69,64,63,47,67,,60,55,,,54,69,59,63,,50,68,65,65,,62,,,66,,47,0.35,0.4,0.2,0.15,0.55,0.4,0.15,2.5,4.444444444,1.25,1.153846154,2.291666667,4.444444444,1,0.25,0.1,0,8.333333333,2,0,35,25,30,10,25,40,20,15,25,25,35,15,30,30,35,5,25,25,30,20,35,15,40,10,30,0,50,20,100,80,95,100,85,65,35,0,0,0,0,45,35,20,0,0,0,40,55,5,0,0,0,75,25,0,0,0,0,25,60,15,0,0,0,3,2,2,3,2
3,9.6,5.95,12.6,6.35,14.65,5.3,9.35,69,66,79,49,61,59,62,14,9,16,10,21,9,14,9,6,13,6,15,5,9,6,3,8,3,10,3,6,9,,15,,15,7,8,2.3,1.9,2.5,2.13,3.75,1.87,2.43,0.75,0.8,1.9,6.8,,0.75,0.8,1.9,6.8,4.55,5.05,,,3.6,4.15,,2.15,,3.6,4.15,,2,1.8,2.15,5.9,2.1,2.8,1.8,,,5.55,7.05,3.9,8.7,,1.9,1.4,3.45,1.3,,3.3,1.5,1.55,2.15,2.5,1.7,4.2,4.15,3.35,3.7,,9.35,2.8,2.5,11.55,1.9,1.2,2.1,,1.7,1.5,,,2.8,2.5,3.4,1.9,,2.1,4.15,1.65,2.2,,9.35,,,8.15,,1.2,75,80,48,76,,75,80,48,76,65,72,,,60,69,,54,,60,69,,67,90,54,84,70,70,90,,,79,78,78,79,,48,47,49,43,,37,75,78,72,50,34,60,69,56,53,,62,56,63,64,63,40,70,,57,50,,,56,63,57,63,,53,69,55,55,,62,,,68,,40,0.35,0.4,0.4,0.2,0.3,0.15,0.15,2.5,4.444444444,2.5,1.538461538,1.25,1.666666667,1,0.35,0.1,0,11.66666667,2,0,30,15,35,20,35,20,40,5,35,20,30,15,25,40,25,10,25,30,35,10,40,5,30,25,30,10,45,15,100,80,90,85,60,55,45,0,0,0,0,25,55,20,0,0,0,40,50,10,0,0,0,45,40,15,0,0,0,20,40,35,5,0,0,2,1,2,2,1
3,9.2,5.7,11.6,6.1,14.1,5.25,8.85,66,63,73,47,59,58,59,13,8,16,10,22,8,15,9,6,11,6,15,5,9,5,2,7,2,4,2,1,,7,11,,,7,9,1.88,2.05,2.3,2.25,4.54,1.8,3.41,0.55,0.8,2.1,6.5,,0.55,0.8,2.1,6.5,4.15,5.05,,,3.35,4.1,,2.1,,3.35,4.1,,1.8,1.8,2.1,4.85,2.15,2.9,1.7,,,4.8,6.8,3.6,8,,2.05,1.25,3.15,1.2,,3.45,1.2,1.45,2.3,2.05,1.75,4.25,3.9,3.2,3.85,,8.85,2.6,2.65,10.65,1.85,1.6,1.9,,1.65,1.7,,,2.6,2.65,3.4,1.85,,2.35,3.9,1.55,2.15,,8.85,,,7.25,,1.6,55,80,53,72,,55,80,53,72,59,72,,,56,68,,53,,56,68,,60,90,53,69,72,73,85,,,69,76,72,73,,51,42,45,40,,38,60,73,77,41,35,61,65,53,55,,59,52,66,59,62,53,63,,55,57,,,52,66,57,62,,59,65,52,54,,59,,,60,,53,0.65,0.6,0.6,0.1,0.7,0.6,0.1,4.642857143,6.666666666,3.75,0.769230769,2.916666667,6.666666666,0.666666667,0.4,0.1,0,13.33333333,2,0,10,35,45,10,20,45,10,25,10,30,45,15,35,20,35,10,20,30,30,20,40,5,35,20,25,15,35,25,95,80,85,100,70,50,45,5,0,0,0,25,55,10,10,0,0,40,45,15,0,0,0,55,45,0,0,0,0,15,55,30,0,0,0,1,1,1,1,2
3,9.25,5.3,11.4,5.2,12.35,4.9,7.45,66,59,71,40,51,54,50,14,9,16,10,21,9,13,10,5,12,6,13,5,8,5,0,2,1,5,1,2,,,,3,,,,2.67,2.7,3.83,2.48,4.59,1.92,3.15,0.3,0.9,2.2,6.5,,0.3,0.9,2.2,6.5,3.9,5.35,,,3.3,3.75,,2,,3.3,3.75,,1.9,1.4,2,5.2,2.15,2.45,1.6,,,5.2,6.2,3.5,7.9,,1.35,1.1,3.15,1.1,,2.85,0.95,1.4,1.8,1.95,1.45,3.9,3,3.05,3.25,,7.45,2.85,2.05,9.45,1.8,1.1,1.8,,1.75,1.35,,,2.85,2.05,3.1,1.8,,2.1,3,1.3,1.9,,7.45,,,6.35,,1.1,30,90,55,72,,30,90,55,72,56,76,,,55,62,,50,,55,62,,63,70,50,74,72,61,80,,,74,69,70,72,,34,37,45,37,,32,48,70,60,39,29,56,50,51,46,,50,57,51,52,60,37,60,,58,45,,,57,51,52,60,,53,50,43,48,,50,,,53,,37,0.55,0.25,0.35,0.15,0.65,0.35,0.3,3.928571429,2.777777778,2.1875,1.153846154,2.708333333,3.888888889,2,0.1,0.15,0,3.333333333,3,0,15,35,25,25,30,15,25,30,20,20,35,25,20,30,15,35,10,20,30,40,15,15,50,20,10,15,35,40,100,70,75,100,85,60,40,0,0,0,0,20,50,15,15,0,0,45,30,25,0,0,0,55,45,0,0,0,0,15,70,15,0,0,0,2,2,1,2,2
3,9.15,5.3,11.1,4.95,11.75,4.25,7.5,65,59,69,38,49,47,50,14,8,15,10,18,7,13,9,5,11,5,13,4,8,5,2,7,2,3,1,2,9,7,,,,6,,2.23,1.75,2.59,2.21,4.01,1.65,3.07,0.35,0.9,1.95,6.55,,0.35,0.9,1.95,6.55,3.9,5.25,,,3.35,3.8,,2.2,,3.35,3.8,,1.65,1.45,2.2,5.05,1.95,2.35,1.75,,,4.85,6.25,3.4,7.7,,1.25,1.1,2.95,1.05,,2.7,0.9,1.35,1.85,1.85,1.25,3.4,3.35,2.7,2.95,,7.5,2.1,2.15,9.4,1.5,0.85,1.75,,1.3,1.2,,,2.1,2.15,2.75,1.5,,1.65,3.35,1.4,1.75,,7.5,,,6.65,,0.85,35,90,49,73,,35,90,49,73,56,75,,,56,63,,55,,56,63,,55,73,55,72,65,59,88,,,69,69,68,70,,31,37,42,35,,30,45,68,62,37,25,49,56,45,42,,50,42,54,52,50,28,58,,43,40,,,42,54,46,50,,41,56,47,44,,50,,,55,,28,0.3,0.35,0.2,0.05,0.6,0.5,0.1,2.142857143,3.888888889,1.25,0.384615385,2.5,5.555555555,0.666666667,0.15,0.05,0,5,1,0,15,25,40,20,5,40,40,15,15,15,45,25,15,30,20,35,0,25,35,40,5,25,35,35,15,10,30,45,100,80,100,100,75,70,30,0,0,0,0,40,40,20,0,0,0,50,50,0,0,0,0,60,40,0,0,0,0,35,40,25,0,0,0,1,1,1,2,3
4,10.5,5.75,12.45,6.45,13.8,5.1,8.7,75,64,78,50,58,57,58,13,9,16,10,21,9,13,11,6,13,7,14,5,9,6,1,8,2,3,1,2,,,13,8,15,5,7,2.04,2.05,2.04,2.26,4.21,2.07,2.77,0.7,0.95,2.25,7.35,,0.7,0.95,2.25,7.35,4.75,5.75,,,3.8,3.85,,2.25,,3.8,3.85,,1.95,1.55,2.25,5.85,2.3,2.6,1.7,,,5.5,6.95,3.75,8.7,,1.95,1.45,3.65,1.25,,3.7,1.2,1.55,2.35,2.2,1.9,4.05,3.7,3.5,3.35,,8.7,2.65,2.45,11.05,1.65,1.1,2.05,,1.65,1.4,,,2.65,2.45,3.45,1.65,,2,3.7,1.85,1.95,,8.7,,,7.6,,1.1,70,95,56,82,,70,95,56,82,68,82,,,63,64,,56,,63,64,,65,78,56,84,77,65,85,,,79,77,75,79,,49,48,52,42,,41,60,78,78,44,38,58,62,58,48,,58,53,61,61,55,37,68,,55,47,,,53,61,58,55,,50,62,62,49,,58,,,63,,37,0.2,0.15,0.2,0.05,0.65,0.5,0.15,1.428571429,1.666666667,1.25,0.384615385,2.708333333,5.555555555,1,0.05,0.05,0,1.666666667,1,0,35,35,20,10,25,30,35,10,10,50,30,10,40,30,15,15,15,30,45,10,20,20,45,15,15,15,60,10,100,70,80,95,85,75,25,0,0,0,0,20,50,30,0,0,0,40,40,20,0,0,0,60,35,5,0,0,0,5,80,15,0,0,0,1,1,2,2,1
2,10.15,6,12,5.95,14.5,5,9.5,73,67,75,46,60,56,63,14,9,16,11,22,7,15,11,7,12,6,16,5,10,6,3,7,2,5,2,2,11,7,10,,,6,9,2.25,1.95,2.6,2.46,4.33,1.56,3,0.55,0.95,2.35,7.2,,0.55,0.95,2.35,7.2,4.65,5.5,,,3.85,3.95,,2.25,,3.85,3.95,,2.2,1.55,2.25,5.35,2.25,2.55,1.85,,,5.25,6.75,3.7,8.3,,1.9,1.3,3.25,1.25,,3.2,1.25,1.5,2.25,2.2,1.5,4,3.9,3.6,3.95,,9.5,2.5,2.5,11.45,1.65,1.4,1.85,,1.7,1.45,,,2.5,2.5,3.35,1.65,,2.15,3.9,1.9,2.5,,9.5,,,8.1,,1.4,55,95,59,80,,55,95,59,80,66,79,,,64,66,,56,,64,66,,73,78,56,76,75,64,93,,,75,75,74,75,,48,43,46,42,,36,63,75,75,44,30,57,65,60,56,,63,50,63,64,55,47,62,,57,48,,,50,63,56,55,,54,65,63,63,,63,,,68,,47,0.4,0.45,0.25,0.2,0.25,0.25,0,2.857142857,5,1.5625,1.538461538,1.041666667,2.777777778,0,0.35,0.1,0,11.66666667,2,0,25,45,15,15,25,30,35,10,20,25,40,15,30,30,15,25,15,40,25,20,20,25,35,20,25,15,45,15,100,60,80,100,60,60,40,0,0,0,0,25,35,35,5,0,0,40,40,20,0,0,0,60,40,0,0,0,0,30,30,40,0,0,0,1,1,1,1,1
1,9.2,5.45,11.1,6.1,14.75,5.55,9.2,66,61,69,47,61,62,61,12,9,15,12,22,9,14,10,6,12,6,16,5,10,3,1,4,2,1,1,0,12,6,12,5,17,5,,2.8,2.37,2.97,2.49,5.04,1.82,3.59,0.45,0.8,2.1,6.6,,0.45,0.8,2.1,6.6,4.35,4.85,,,3.15,3.8,,1.8,,3.15,3.8,,2,1.65,1.8,4.85,2,2.5,1.75,,,4.8,6.3,3.25,7.85,,1.65,1.25,3.5,1.3,,3.3,1.2,1.6,2.1,2.15,1.85,4.4,4.1,3.6,3.65,,9.2,2.75,2.8,11.6,1.75,1.4,2.15,,1.85,1.55,,,2.75,2.8,3.8,1.75,,2.25,4.1,1.75,2.1,,9.2,,,7.8,,1.4,45,80,53,73,,45,80,53,73,62,69,,,53,63,,45,,53,63,,67,83,45,69,67,63,88,,,69,70,65,71,,41,42,50,43,,37,60,80,70,43,37,63,68,60,52,,61,55,70,64,58,47,72,,62,52,,,55,70,63,58,,56,68,58,53,,61,,,65,,47,0.5,0.55,0.3,0,0.65,0.4,0.25,3.571428572,6.111111111,1.875,0,2.708333334,4.444444444,1.666666667,0.35,0,0,11.66666667,0,0,30,25,25,20,25,35,10,30,15,15,40,30,25,25,40,10,20,40,20,20,30,15,50,5,30,15,35,20,100,80,95,100,65,80,20,0,0,0,0,40,40,20,0,0,0,55,40,5,0,0,0,70,30,0,0,0,0,30,35,35,0,0,0,2,2,3,2,2
1,9.9,5.4,12,5.7,14.15,5.35,8.8,71,60,75,44,59,59,59,13,9,16,12,19,7,12,10,6,13,6,15,7,10,6,1,5,2,7,1,3,10,,13,6,,7,10,1.92,2.19,3.39,2.34,3.66,2.11,2.28,0.6,0.9,2.2,6.95,,0.6,0.9,2.2,6.95,4.75,5.15,,,3.45,3.7,,2.1,,3.45,3.7,,1.8,1.5,2.1,5.6,2.3,2.45,1.65,,,5.55,6.45,3.5,8.5,,1.45,1.25,2.95,1.5,,3.15,1.15,1.4,2,2.05,1.65,4.2,3.8,3.5,3.8,,8.8,2.9,2.45,10.75,1.9,1.5,2.2,,1.7,1.45,,,2.9,2.45,3.45,1.9,,2,3.8,1.8,2.35,,8.8,,,7.3,,1.5,60,90,55,77,,60,90,55,77,68,74,,,58,62,,53,,58,62,,60,75,53,80,77,61,83,,,79,72,70,77,,36,42,42,50,,35,58,70,67,41,33,60,63,58,54,,59,58,61,60,63,50,73,,57,48,,,58,61,58,63,,50,63,60,59,,59,,,61,,50,0.4,0.35,0.3,0,0.4,0.1,0.3,2.857142857,3.888888889,1.875,0,1.666666667,1.111111111,2,0.2,0,0,6.666666667,0,0,20,50,20,10,15,40,25,20,20,45,10,25,15,40,25,20,5,45,35,15,50,10,25,15,5,35,45,15,100,85,95,100,75,85,15,0,0,0,0,25,60,5,10,0,0,40,55,5,0,0,0,50,50,0,0,0,0,40,35,20,5,0,0,2,2,2,4,2
4,9.5,6,11.85,5.95,13.8,5.3,8.5,68,67,74,46,57,59,57,14,9,16,12,20,9,14,10,6,13,6,15,5,9,4,2,3,1,5,3,2,,6,14,,,5,9,2.72,1.92,3.63,3.02,4.42,1.69,3.22,0.5,0.8,2.35,6.6,,0.5,0.8,2.35,6.6,4.3,5.2,,,3.8,4.1,,2.3,,3.8,4.1,,1.95,1.75,2.3,5.55,2.05,2.55,1.7,,,5.45,6.4,3.2,8.65,,1.55,1.25,3.3,1.4,,3.2,1.2,1.55,2.1,2.15,1.7,4.3,3.65,2.8,3.85,,8.5,2.5,2.8,10.55,1.9,1.35,2,,1.65,1.65,,,2.5,2.8,3.4,1.9,,2.3,3.65,1.15,2.2,,8.5,,,7.15,,1.35,50,80,59,73,,50,80,59,73,61,74,,,63,68,,58,,63,68,,65,88,58,79,68,64,85,,,78,71,64,79,,39,42,47,47,,36,60,78,70,43,34,61,61,47,55,,57,50,70,59,63,45,67,,55,55,,,50,70,57,63,,58,61,38,55,,57,,,60,,45,0.65,0.6,0.4,0,0.5,0.25,0.25,4.642857143,6.666666666,2.5,0,2.083333333,2.777777778,1.666666667,0.35,0,0,11.66666667,0,0,25,35,15,25,25,45,20,10,25,25,30,20,35,15,30,20,15,35,35,15,30,10,40,20,15,15,55,15,100,70,95,95,80,65,35,0,0,0,0,35,35,15,15,0,0,70,25,5,0,0,0,65,30,5,0,0,0,15,65,15,5,0,0,2,2,3,3,2
2,10.2,6.45,12.5,6.55,15.25,6,9.25,73,72,78,50,64,67,62,14,9,16,10,21,9,13,11,7,13,7,16,6,10,5,4,8,1,7,3,3,12,7,14,,,7,11,2.28,1.7,2.42,2.5,3.42,1.72,2.31,0.7,0.8,2.3,7.2,,0.7,0.8,2.3,7.2,4.7,5.5,,,4.05,4.5,,2.7,,4.05,4.5,,2.1,1.65,2.7,5.65,2.3,2.9,1.65,,,5.55,6.95,3.55,8.95,,1.95,1.5,3.45,1.55,,3.65,1.4,1.5,2.15,2.7,1.7,4.6,3.9,3.5,4.25,,9.25,2.85,3.15,11.95,1.95,1.35,2.3,,1.75,1.95,,,2.85,3.15,4.05,1.95,,2.3,3.9,1.75,2.3,,9.25,,,7.9,,1.35,70,80,58,80,,70,80,58,80,67,79,,,67,75,,68,,67,75,,70,83,68,81,77,73,83,,,79,77,71,81,,49,50,49,52,,41,70,75,72,54,34,66,65,58,61,,62,57,79,66,65,45,77,,58,65,,,57,79,67,65,,58,65,58,58,,62,,,66,,45,0.25,0.3,0.35,0.15,0.1,0.1,0,1.785714286,3.333333333,2.1875,1.153846154,0.416666667,1.111111111,0,0.15,0.1,0,5,2,0,35,35,15,15,30,35,35,0,20,35,30,15,45,30,10,15,20,40,35,5,45,15,30,10,10,20,65,5,100,80,85,90,75,80,20,0,0,0,0,35,45,20,0,0,0,60,25,15,0,0,0,70,20,10,0,0,0,35,40,25,0,0,0,2,3,2,3,3
1,9.4,5.8,12.25,6,14.45,5.15,9.3,67,64,77,46,60,57,62,14,9,16,10,22,8,14,10,7,13,6,15,5,10,5,1,6,3,3,1,2,11,8,,5,,,11,2.35,2.24,2.97,1.92,4.8,1.87,3.4,0.65,0.8,2.25,6.4,,0.65,0.8,2.25,6.4,4.5,4.9,,,3.65,4.05,,2.15,,3.65,4.05,,2.1,1.55,2.15,5.55,2.35,2.75,1.6,,,5.55,6.7,3.45,8.8,,1.85,1.2,3.45,1.05,,3.3,1.05,1.65,2.35,2,1.65,3.95,4.35,3.4,3.85,,9.3,2.45,2.7,11.4,1.7,1.35,1.95,,1.75,1.45,,,2.45,2.7,3.45,1.7,,2,4.35,1.65,2.4,,9.3,,,7.95,,1.35,65,80,56,71,,65,80,56,71,64,70,,,61,67,,54,,61,67,,70,78,54,79,78,69,80,,,79,74,69,80,,46,40,49,35,,37,53,83,78,40,33,56,72,57,55,,62,49,68,63,57,45,65,,58,48,,,49,68,58,57,,50,72,55,60,,62,,,66,,45,0.5,0.35,0.5,0.1,0.55,0.5,0.05,3.571428572,3.888888889,3.125,0.769230769,2.291666667,5.555555555,0.333333333,0.2,0.05,0,6.666666666,1,0,15,35,25,25,30,25,25,20,25,30,30,15,25,25,45,5,20,40,25,15,25,20,40,15,30,5,45,20,100,100,100,100,55,70,30,0,0,0,0,15,85,0,0,0,0,65,35,0,0,0,0,70,30,0,0,0,0,15,40,40,5,0,0,3,2,2,3,2
1,8.75,5.4,10.6,4.85,12.6,5,7.6,62,60,66,37,53,56,51,13,9,14,9,18,8,13,9,5,11,5,12,5,8,5,1,6,1,6,1,4,11,5,,2,,5,9,2.45,2.11,2.64,2.64,3.39,1.81,2.5,0.3,0.8,1.95,6.35,,0.3,0.8,1.95,6.35,3.9,4.85,,,3.3,3.9,,2.2,,3.3,3.9,,1.65,1.55,2.2,5.2,1.8,2.15,1.45,,,4.95,5.65,2.95,7.65,,1.2,0.95,3,0.9,,2.45,0.85,1.55,1.95,1.55,1.35,3.65,3.6,2.7,3.55,,7.6,2.75,2.25,9.6,1.8,1.2,2.15,,1.35,1.5,,,2.75,2.25,3.2,1.8,,1.5,3.6,1.35,2.05,,7.6,,,6.4,,1.2,30,80,49,71,,30,80,49,71,56,69,,,55,65,,55,,55,65,,55,78,55,74,60,54,73,,,71,63,59,70,,30,32,43,30,,27,43,78,65,31,27,52,60,45,51,,51,55,56,53,60,40,72,,45,50,,,55,56,53,60,,38,60,45,51,,51,,,53,,40,0.45,0.45,0.3,0.05,0.5,0.4,0.1,3.214285715,5,1.875,0.384615385,2.083333333,4.444444444,0.666666667,0.25,0.05,0,8.333333333,1,0,10,35,20,35,15,25,40,20,0,30,40,30,20,15,30,35,0,30,40,30,25,10,45,20,5,10,50,35,100,75,90,80,70,85,15,0,0,0,0,15,60,15,10,0,0,45,45,10,0,0,0,40,40,20,0,0,0,30,40,30,0,0,0,2,3,2,3,2
1,10.15,5.8,11.1,5.95,15.05,5.95,9.1,72,64,69,46,63,66,61,13,9,16,11,22,9,13,11,6,12,7,16,6,10,4,0,4,1,5,2,3,11,5,12,4,,6,8,2.28,2.24,3.04,2.72,4.37,1.88,2.88,0.5,0.9,2.5,7.05,,0.5,0.9,2.5,7.05,4.95,5.2,,,3.5,4.25,,2.2,,3.5,4.25,,1.9,1.7,2.2,5.45,1.75,2.35,1.55,,,5,6.1,3.05,8.05,,1.7,1.35,3.2,1.35,,3.2,1.25,1.5,2.05,2.25,1.65,4.15,4.05,3.85,4,,9.1,3.05,2.9,11.95,1.85,1.25,2.1,,2.15,1.7,,,3.05,2.9,4.1,1.85,,2.05,4.05,1.7,2.3,,9.1,,,7.85,,1.25,50,90,63,78,,50,90,63,78,71,74,,,58,71,,55,,58,71,,63,85,55,78,58,59,78,,,71,68,61,73,,43,45,46,45,,36,63,75,68,45,33,59,67,64,57,,61,61,73,66,62,42,70,,72,57,,,61,73,68,62,,51,67,57,58,,61,,,65,,42,0.4,0.2,0.3,0.05,0.35,0.3,0.05,2.857142857,2.222222222,1.875,0.384615385,1.458333333,3.333333333,0.333333333,0.15,0,0,5,0,0,20,60,10,10,25,30,30,15,5,20,60,15,30,25,35,10,20,35,30,15,40,30,15,15,25,10,45,20,100,75,95,100,65,70,30,0,0,0,0,25,50,20,5,0,0,50,45,5,0,0,0,90,10,0,0,0,0,15,50,35,0,0,0,2,2,2,2,2
